session_day,has_0930,close_0925,composite_depth,n_hvn,levels_present,ambiguous_bars,side,sweep_time,swept_levels,swept_level,swept_type,sweep_extreme,pre_sweep_swing,conf_time,conf_types,conf_any,ifvg_fresh_on_conf_bar,range_lo,range_hi,eq,zones_any,zone_used,zone_low,zone_high,zone_time,fill_time,entry,outcome
2026-02-16,1,6859.25,0,0,ASIA_H=6873.00;LON_H=6885.50;ASIA_L=6844.25;LON_L=6866.75;H1_SH=6871.50;H1_SL=6856.25,,1,09:30,H1_SL;LON_L,H1_SL,H1,6856.00,6878.25,09:50,ifvg,ifvg@09:50,1,6856.00,6861.50,6858.75,eq@09:50;fvg@09:55,fvg,6856.75,6858.75,10:00,,,no_fill
2026-02-17,1,6835.00,1,4,ASIA_H=6869.75;LON_H=6848.00;PDH=6885.50;ASIA_L=6810.00;LON_L=6805.75;PDL=6841.00;H1_SH=6848.00;H1_SL=6810.00;H4_SH=6885.50;POC_PREV=6862.50;HVN_1=6852.50;HVN_2=6854.50;HVN_3=6861.50;HVN_4=6875.50,09:30;09:40,0,,,,,,,,,,,,,,,,,,,,,no_sweep
2026-02-18,1,6873.75,2,1,ASIA_H=6878.75;LON_H=6904.00;PDH=6883.75;ASIA_L=6848.75;LON_L=6874.75;PDL=6791.00;H1_SH=6883.75;H1_SL=6871.50;H4_SH=6883.75;H4_SL=6791.00;POC_PREV=6859.50;HVN_1=6860.50,09:35;09:40;09:45,0,,,,,,,,,,,,,,,,,,,,,no_sweep
2026-02-19,1,6870.75,3,4,ASIA_H=6911.50;LON_H=6912.50;PDH=6925.75;ASIA_L=6886.75;LON_L=6866.25;PDL=6848.75;H1_SH=6871.50;H1_SL=6870.25;H4_SH=6883.75;H4_SL=6791.00;POC_PREV=6918.50;HVN_1=6875.50;HVN_2=6860.50;HVN_3=6896.50;HVN_4=6917.50,09:30;09:35;09:40;09:45,0,,,,,,,,,,,,,,,,,,,,,no_sweep
2026-02-20,1,6852.75,4,2,ASIA_H=6900.00;LON_H=6904.75;PDH=6912.50;ASIA_L=6871.25;LON_L=6860.50;PDL=6847.75;H1_SH=6869.75;H1_SL=6848.75;H4_SH=6883.75;H4_SL=6847.75;POC_PREV=6872.50;HVN_1=6861.50;HVN_2=6875.50,09:30;09:35;09:40;09:45,0,,,,,,,,,,,,,,,,,,,,,no_sweep
2026-02-23,1,6908.25,5,5,ASIA_H=6923.00;LON_H=6913.25;PDH=6931.50;ASIA_L=6867.50;LON_L=6881.75;PDL=6847.25;H1_SH=6912.50;H1_SL=6890.00;H4_SH=6912.50;H4_SL=6847.75;POC_PREV=6917.50;HVN_1=6917.50;HVN_2=6898.50;HVN_3=6888.50;HVN_4=6874.50;HVN_5=6861.50,,-1,09:40,ASIA_H;POC_PREV;HVN_1;LON_H;H1_SH;H4_SH,ASIA_H,ASIA,6926.00,6899.50,09:45,bos+ifvg+ote,bos@09:45;ifvg@09:45;ote@09:45,1,6897.25,6926.00,6911.62,eq@09:45;ob@09:45,eq,6911.62,6911.62,09:45,,,no_fill
2026-02-24,1,6847.25,6,5,ASIA_H=6875.00;LON_H=6871.50;PDH=6930.25;ASIA_L=6853.00;LON_L=6845.75;PDL=6832.75;H1_SH=6848.00;H1_SL=6841.00;H4_SH=6883.75;H4_SL=6832.75;POC_PREV=6849.50;HVN_1=6856.50;HVN_2=6861.50;HVN_3=6875.50;HVN_4=6899.50;HVN_5=6917.50,09:30;09:35;09:40,0,,,,,,,,,,,,,,,,,,,,,no_sweep
2026-02-25,1,6930.50,7,6,ASIA_H=6917.50;LON_H=6928.75;PDH=6912.75;ASIA_L=6892.25;LON_L=6903.75;PDL=6828.50;H1_SH=6931.50;H1_SL=6901.00;H4_SH=6931.50;H4_SL=6867.50;POC_PREV=6903.50;HVN_1=6917.50;HVN_2=6902.50;HVN_3=6888.50;HVN_4=6875.50;HVN_5=6861.50;HVN_6=6857.50,,0,,,,,,,,,,,,,,,,,,,,,no_sweep
2026-02-26,1,6961.25,8,6,ASIA_H=6969.25;LON_H=6966.75;PDH=6983.75;ASIA_L=6941.25;LON_L=6950.50;PDL=6892.25;H1_SH=6963.50;H1_SL=6943.75;H4_SH=6983.75;H4_SL=6892.25;POC_PREV=6960.50;HVN_1=6917.50;HVN_2=6902.50;HVN_3=6888.50;HVN_4=6875.50;HVN_5=6861.50;HVN_6=6857.50,,1,09:40,ASIA_L;H1_SL;LON_L;POC_PREV,ASIA_L,ASIA,6937.00,6966.50,,,,,,,,,,,,,,,no_confirmation
2026-02-27,1,6856.00,9,6,ASIA_H=6908.25;LON_H=6915.50;PDH=6970.75;ASIA_L=6882.50;LON_L=6865.25;PDL=6870.75;H1_SH=6864.00;H1_SL=6850.25;H4_SH=6883.75;H4_SL=6847.75;POC_PREV=6919.50;HVN_1=6857.50;HVN_2=6861.50;HVN_3=6876.50;HVN_4=6890.50;HVN_5=6902.50;HVN_6=6918.50,09:30;09:35;09:40;09:45,0,,,,,,,,,,,,,,,,,,,,,no_sweep
2026-03-02,1,6811.25,10,5,ASIA_H=6857.00;LON_H=6833.25;PDH=6915.50;ASIA_L=6782.25;LON_L=6768.50;PDL=6841.50;H1_SH=6848.00;H1_SL=6810.00;H4_SH=6883.75;H4_SL=6791.00;POC_PREV=6879.50;HVN_1=6862.50;HVN_2=6877.50;HVN_3=6890.50;HVN_4=6902.50;HVN_5=6918.50,09:30;09:35;09:40,-1,09:45,ASIA_H;H1_SH;LON_H,ASIA_H,ASIA,6858.00,6802.25,09:50,ifvg,ifvg@09:50,0,6841.50,6858.00,6849.75,eq@09:50,eq,6849.75,6849.75,09:50,09:55,6849.75,filled
2026-03-03,1,6772.50,11,4,ASIA_H=6886.00;LON_H=6816.25;PDH=6911.25;ASIA_L=6812.25;LON_L=6742.75;PDL=6768.50;H1_SH=6848.00;H1_SL=6768.50;H4_SH=6883.75;H4_SL=6768.50;POC_PREV=6887.50;HVN_1=6862.50;HVN_2=6878.50;HVN_3=6902.50;HVN_4=6918.50,,1,09:35,PDL;H1_SL;H4_SL;ASIA_L,PDL,PD,6763.75,6770.75,,,,,,,,,,,,,,,no_confirmation
2026-03-04,1,6838.75,12,4,ASIA_H=6833.00;LON_H=6856.75;PDH=6886.00;ASIA_L=6773.50;LON_L=6795.25;PDL=6718.75;H1_SH=6848.00;H1_SL=6834.75;H4_SH=6849.75;H4_SL=6832.75;POC_PREV=6826.50;HVN_1=6862.50;HVN_2=6878.50;HVN_3=6902.50;HVN_4=6918.50,,-1,09:30,LON_H;H4_SH;H1_SH;ASIA_H,LON_H,LON,6857.75,6843.50,09:35,bos+ifvg+ote,bos@09:35;ifvg@09:35;ote@09:35,1,6829.50,6857.75,6843.62,eq@09:35;breaker@09:35,breaker,6845.50,6854.75,09:35,10:00,6845.50,filled
2026-03-05,1,6842.25,13,4,ASIA_H=6900.75;LON_H=6894.00;PDH=6894.00;ASIA_L=6844.50;LON_L=6840.50;PDL=6773.50;H1_SH=6848.00;H1_SL=6841.50;H4_SH=6849.75;H4_SL=6841.50;POC_PREV=6883.50;HVN_1=6863.50;HVN_2=6878.50;HVN_3=6902.50;HVN_4=6918.50,09:30,-1,09:35,HVN_1;H4_SH;H1_SH,HVN_1,HVN,6866.25,6835.75,09:40,ifvg,ifvg@09:40,0,6845.75,6866.25,6856.00,eq@09:40,eq,6856.00,6856.00,09:40,09:50,6856.00,filled
2026-03-06,1,6752.25,14,4,ASIA_H=6854.00;LON_H=6848.00;PDH=6900.75;ASIA_L=6822.25;LON_L=6783.75;PDL=6777.00;H1_SH=6801.00;H1_SL=6742.75;H4_SH=6849.75;H4_SL=6718.75;POC_PREV=6831.50;HVN_1=6863.50;HVN_2=6878.50;HVN_3=6902.50;HVN_4=6918.50,,1,09:45,H4_SL;H1_SL;PDL;LON_L;ASIA_L,H4_SL,H4,6717.75,6759.25,,,,,,,,,,,,,,,no_confirmation
2026-03-09,1,6681.50,15,4,ASIA_H=6693.00;LON_H=6701.50;PDH=6854.00;ASIA_L=6584.50;LON_L=6624.25;PDL=6715.75;H1_SH=6701.50;H1_SL=6612.00;H4_SH=6849.75;POC_PREV=6766.50;HVN_1=6863.50;HVN_2=6878.50;HVN_3=6902.50;HVN_4=6918.50,09:30,0,,,,,,,,,,,,,,,,,,,,,no_sweep
2026-03-10,1,6795.00,16,4,ASIA_H=6800.75;LON_H=6833.50;PDH=6818.50;ASIA_L=6762.50;LON_L=6772.50;PDL=6584.50;H1_SH=6796.00;H1_SL=6791.00;H4_SH=6818.50;H4_SL=6791.00;POC_PREV=6705.50;HVN_1=6863.50;HVN_2=6878.50;HVN_3=6902.50;HVN_4=6918.50,09:30,0,,,,,,,,,,,,,,,,,,,,,no_sweep
2026-03-11,1,6792.25,17,6,ASIA_H=6822.50;LON_H=6807.50;PDH=6852.00;ASIA_L=6782.50;LON_L=6768.25;PDL=6762.50;H1_SH=6796.00;H1_SL=6791.00;H4_SH=6818.50;H4_SL=6791.00;POC_PREV=6828.50;HVN_1=6832.50;HVN_2=6838.50;HVN_3=6863.50;HVN_4=6878.50;HVN_5=6902.50;HVN_6=6918.50,,-1,09:30,H1_SH,H1_SH,H1,6800.50,6764.00,09:35,ifvg,ifvg@09:35,0,6791.75,6800.50,6796.12,eq@09:35;breaker@09:35,eq,6796.12,6796.12,09:35,09:55,6796.12,filled
2026-03-12,1,6726.75,18,6,ASIA_H=6769.50;LON_H=6760.75;PDH=6822.50;ASIA_L=6705.75;LON_L=6730.25;PDL=6749.75;H1_SH=6741.00;H1_SL=6718.75;H4_SH=6818.00;H4_SL=6718.75;POC_PREV=6778.50;HVN_1=6791.50;HVN_2=6832.50;HVN_3=6838.50;HVN_4=6863.50;HVN_5=6878.50;HVN_6=6902.50,,1,09:30,H1_SL;H4_SL;LON_L;PDL,H1_SL,H1,6714.25,6741.50,09:35,ifvg,ifvg@09:35,0,6714.25,6732.00,6723.12,eq@09:35;fvg@10:05,eq,6723.12,6723.12,09:35,09:50,6717.25,filled
2026-03-13,1,6706.75,19,6,ASIA_H=6711.75;LON_H=6710.00;PDH=6769.50;ASIA_L=6667.50;LON_L=6640.00;PDL=6671.75;H1_SH=6711.75;H1_SL=6705.75;H4_SH=6760.75;H4_SL=6584.50;POC_PREV=6704.50;HVN_1=6791.50;HVN_2=6832.50;HVN_3=6838.50;HVN_4=6863.50;HVN_5=6878.50;HVN_6=6902.50,09:30;09:35,0,,,,,,,,,,,,,,,,,,,,,no_sweep
2026-03-16,1,6697.25,20,6,ASIA_H=6680.00;LON_H=6702.00;PDH=6737.50;ASIA_L=6608.50;LON_L=6652.00;PDL=6625.00;H1_SH=6701.50;H1_SL=6684.50;H4_SH=6737.50;H4_SL=6608.50;POC_PREV=6655.50;HVN_1=6791.50;HVN_2=6832.50;HVN_3=6838.50;HVN_4=6863.50;HVN_5=6878.50;HVN_6=6902.50,,-1,09:30,LON_H;H1_SH;ASIA_H,LON_H,LON,6702.50,6693.00,,,,,,,,,,,,,,,no_confirmation
2026-03-17,1,6787.75,20,6,ASIA_H=6752.50;LON_H=6766.50;PDH=6734.25;ASIA_L=6715.75;LON_L=6717.50;PDL=6608.50;H1_SH=6796.00;H1_SL=6779.75;H4_SH=6818.00;H4_SL=6777.00;POC_PREV=6703.50;HVN_1=6791.50;HVN_2=6832.50;HVN_3=6838.50;HVN_4=6863.50;HVN_5=6878.50;HVN_6=6902.50,,0,,,,,,,,,,,,,,,,,,,,,no_sweep
2026-03-18,1,6746.25,20,6,ASIA_H=6814.00;LON_H=6811.75;PDH=6808.50;ASIA_L=6764.75;LON_L=6767.50;PDL=6715.75;H1_SH=6752.50;H1_SL=6742.75;H4_SH=6752.50;H4_SL=6718.75;POC_PREV=6774.50;HVN_1=6774.50;HVN_2=6704.50;HVN_3=6789.50;HVN_4=6878.50;HVN_5=6902.50;HVN_6=6918.50,09:30;09:35;09:40;09:45,0,,,,,,,,,,,,,,,,,,,,,no_sweep
2026-03-19,1,6629.25,20,6,ASIA_H=6695.00;LON_H=6682.00;PDH=6814.00;ASIA_L=6656.75;LON_L=6633.25;PDL=6654.50;H1_SH=6682.00;H1_SL=6612.00;H4_SH=6737.50;H4_SL=6608.50;POC_PREV=6734.50;HVN_1=6704.50;HVN_2=6774.50;HVN_3=6790.50;HVN_4=6832.50;HVN_5=6839.50;HVN_6=6865.50,,1,09:30,H1_SL;LON_L;PDL;ASIA_L,H1_SL,H1,6611.75,6646.25,09:40,ifvg,ifvg@09:40;ote@09:45;bos@09:50,0,6611.75,6637.00,6624.38,eq@09:40,eq,6624.38,6624.38,09:40,,,no_fill
2026-03-20,1,6643.00,20,6,ASIA_H=6685.50;LON_H=6675.25;PDH=6695.00;ASIA_L=6651.50;LON_L=6607.75;PDL=6611.75;H1_SH=6658.25;H1_SL=6641.00;H4_SH=6692.00;H4_SL=6611.75;POC_PREV=6639.50;HVN_1=6704.50;HVN_2=6724.50;HVN_3=6774.50;HVN_4=6790.50;HVN_5=6827.50;HVN_6=6832.50,,0,,,,,,,,,,,,,,,,,,,,,no_sweep
2026-03-23,1,6658.25,20,6,ASIA_H=6562.00;LON_H=6748.00;PDH=6685.50;ASIA_L=6496.75;LON_L=6483.50;PDL=6523.75;H1_SH=6675.25;H1_SL=6654.50;H4_SH=6692.00;H4_SL=6654.50;POC_PREV=6599.50;HVN_1=6659.50;HVN_2=6636.50;HVN_3=6704.50;HVN_4=6724.50;HVN_5=6774.50;HVN_6=6790.50,09:30;09:35;09:40;09:45,0,,,,,,,,,,,,,,,,,,,,,no_sweep
2026-03-24,1,6589.00,20,6,ASIA_H=6652.50;LON_H=6653.50;PDH=6748.00;ASIA_L=6582.50;LON_L=6604.25;PDL=6483.50;H1_SH=6648.00;H1_SL=6587.50;H4_SH=6692.00;H4_SL=6584.50;POC_PREV=6652.50;HVN_1=6636.50;HVN_2=6657.50;HVN_3=6659.50;HVN_4=6677.50;HVN_5=6680.50;HVN_6=6704.50,,1,09:30,H4_SL;H1_SL;LON_L,H4_SL,H4,6584.00,6606.50,10:00,ifvg,ifvg@10:00;bos@10:05;ote@10:05,0,6584.00,6606.00,6595.00,fvg@10:00;eq@10:00;breaker@10:00,fvg,6590.50,6591.00,10:05,,,no_fill
2026-03-25,1,6661.75,20,6,ASIA_H=6671.50;LON_H=6681.50;PDH=6680.50;ASIA_L=6634.75;LON_L=6642.50;PDL=6573.50;H1_SH=6671.50;H1_SL=6654.50;H4_SH=6680.50;H4_SL=6654.50;POC_PREV=6607.50;HVN_1=6659.50;HVN_2=6657.50;HVN_3=6653.50;HVN_4=6650.50;HVN_5=6677.50;HVN_6=6680.50,,-1,09:30,HVN_5;ASIA_H;H1_SH,HVN_5,HVN,6678.00,6657.00,09:40,ifvg,ifvg@09:40;bos@09:45;ote@09:45,0,6660.75,6678.00,6669.38,eq@09:40;breaker@09:40,breaker,6670.25,6675.25,09:40,,,no_fill
2026-03-26,1,6593.25,20,6,ASIA_H=6647.00;LON_H=6622.75;PDH=6684.75;ASIA_L=6608.00;LON_L=6574.25;PDL=6616.50;H1_SH=6622.75;H1_SL=6590.00;H4_SH=6653.50;H4_SL=6584.50;POC_PREV=6654.50;HVN_1=6604.50;HVN_2=6638.50;HVN_3=6653.50;HVN_4=6676.50;HVN_5=6704.50;HVN_6=6724.50,,1,09:30,H4_SL;H1_SL;ASIA_L;PDL,H4_SL,H4,6582.75,6596.25,09:40,bos+ifvg+ote,bos@09:40;ifvg@09:40;ote@09:40,1,6582.75,6603.50,6593.12,eq@09:40,eq,6593.12,6593.12,09:40,,,no_fill
2026-03-27,1,6494.50,20,6,ASIA_H=6568.50;LON_H=6554.75;PDH=6647.00;ASIA_L=6534.25;LON_L=6489.25;PDL=6517.00;H1_SH=6558.00;H1_SL=6490.00;H4_SH=6653.50;H4_SL=6483.50;POC_PREV=6588.50;HVN_1=6602.50;HVN_2=6638.50;HVN_3=6653.50;HVN_4=6676.50;HVN_5=6704.50;HVN_6=6724.50,,1,09:45,H4_SL;LON_L;H1_SL;PDL;ASIA_L,H4_SL,H4,6478.75,6496.75,,,,,,,,,,,,,,,no_confirmation
2026-03-30,1,6468.00,20,6,ASIA_H=6435.50;LON_H=6481.75;PDH=6568.50;ASIA_L=6360.25;LON_L=6422.75;PDL=6389.00;H1_SH=6558.00;H1_SL=6360.25;H4_SH=6653.50;H4_SL=6360.25;POC_PREV=6463.50;HVN_1=6602.50;HVN_2=6638.50;HVN_3=6653.50;HVN_4=6676.50;HVN_5=6704.50;HVN_6=6724.50,09:30;09:35;09:40;09:45,0,,,,,,,,,,,,,,,,,,,,,no_sweep
2026-03-31,1,6457.25,20,6,ASIA_H=6462.00;LON_H=6470.00;PDH=6481.75;ASIA_L=6353.25;LON_L=6421.50;PDL=6359.50;H1_SH=6462.00;H1_SL=6423.75;H4_SH=6481.75;H4_SL=6360.25;POC_PREV=6428.50;HVN_1=6602.50;HVN_2=6638.50;HVN_3=6653.50;HVN_4=6676.50;HVN_5=6704.50;HVN_6=6724.50,,-1,09:40,LON_H;ASIA_H;H1_SH,LON_H,LON,6473.00,6450.50,,,,,,,,,,,,,,,no_confirmation
2026-04-01,1,6606.00,20,6,ASIA_H=6622.00;LON_H=6630.75;PDH=6583.25;ASIA_L=6561.00;LON_L=6586.50;PDL=6353.25;H1_SH=6622.00;H1_SL=6598.50;H4_SH=6653.50;H4_SL=6584.50;POC_PREV=6569.50;HVN_1=6602.50;HVN_2=6638.50;HVN_3=6653.50;HVN_4=6676.50;HVN_5=6704.50;HVN_6=6724.50,,-1,09:30,ASIA_H;H1_SH;PDH,ASIA_H,ASIA,6622.25,6590.00,09:40,ifvg,ifvg@09:40,0,6601.25,6622.25,6611.75,eq@09:40;breaker@09:40,breaker,6614.25,6616.25,09:40,09:50,6614.25,filled
2026-04-02,1,6527.50,20,6,ASIA_H=6632.50;LON_H=6550.75;PDH=6653.75;ASIA_L=6520.00;LON_L=6503.75;PDL=6561.00;H1_SH=6550.75;H1_SL=6522.25;H4_SH=6653.50;H4_SL=6517.00;POC_PREV=6617.50;HVN_1=6605.50;HVN_2=6617.50;HVN_3=6637.50;HVN_4=6643.50;HVN_5=6645.50;HVN_6=6650.50,,1,09:40,H4_SL;ASIA_L;H1_SL;PDL,H4_SL,H4,6514.25,6538.50,09:45,ifvg+ote,ifvg@09:45;ote@09:45;bos@09:50,0,6514.25,6537.50,6525.88,eq@09:45,eq,6525.88,6525.88,09:45,,,no_fill
2026-04-06,1,6621.50,20,6,ASIA_H=6635.75;LON_H=6651.25;PDH=6639.00;ASIA_L=6567.00;LON_L=6614.25;PDL=6598.25;H1_SH=6622.00;H1_SL=6621.00;H4_SH=6639.00;H4_SL=6616.50;POC_PREV=6604.50;HVN_1=6617.50;HVN_2=6608.50;HVN_3=6637.50;HVN_4=6650.50;HVN_5=6652.50;HVN_6=6704.50,09:35,-1,09:40,ASIA_H;H1_SH,ASIA_H,ASIA,6636.25,6619.50,09:45,ifvg,ifvg@09:45,0,6622.25,6636.25,6629.25,eq@09:45;breaker@09:45;fvg@10:05,eq,6629.25,6629.25,09:45,09:50,6634.25,filled
2026-04-07,1,6629.50,20,4,ASIA_H=6659.25;LON_H=6667.00;PDH=6661.00;ASIA_L=6609.00;LON_L=6602.00;PDL=6567.00;H1_SH=6632.25;H1_SL=6621.50;H4_SH=6639.00;H4_SL=6616.50;POC_PREV=6646.50;HVN_1=6637.50;HVN_2=6619.50;HVN_3=6608.50;HVN_4=6702.50,09:30,0,,,,,,,,,,,,,,,,,,,,,no_sweep
2026-04-08,1,6829.50,20,4,ASIA_H=6838.00;LON_H=6847.25;PDH=6673.50;ASIA_L=6652.25;LON_L=6817.00;PDL=6572.75;H1_SH=6833.00;H1_SL=6828.50;H4_SH=6849.75;H4_SL=6828.50;POC_PREV=6624.50;HVN_1=6643.50;HVN_2=6637.50;HVN_3=6628.50;HVN_4=6608.50,09:30;09:35;09:40;09:45,0,,,,,,,,,,,,,,,,,,,,,no_sweep
2026-04-09,1,6812.75,20,4,ASIA_H=6823.00;LON_H=6813.25;PDH=6847.25;ASIA_L=6803.50;LON_L=6792.50;PDL=6652.25;H1_SH=6814.00;H1_SL=6810.00;H4_SH=6814.00;H4_SL=6791.00;POC_PREV=6814.50;HVN_1=6643.50;HVN_2=6637.50;HVN_3=6628.50;HVN_4=6608.50,09:30;09:35,0,,,,,,,,,,,,,,,,,,,,,no_sweep
2026-04-10,1,6875.00,20,4,ASIA_H=6869.25;LON_H=6879.50;PDH=6876.00;ASIA_L=6851.00;LON_L=6850.50;PDL=6792.50;H1_SH=6876.00;H1_SL=6874.25;H4_SH=6876.00;H4_SL=6870.75;POC_PREV=6862.50;HVN_1=6643.50;HVN_2=6637.50;HVN_3=6628.50;HVN_4=6608.50,09:30;09:35;09:40;09:45,0,,,,,,,,,,,,,,,,,,,,,no_sweep
2026-04-13,1,6834.75,20,4,ASIA_H=6816.75;LON_H=6831.50;PDH=6888.00;ASIA_L=6767.00;LON_L=6802.50;PDL=6846.25;H1_SH=6838.00;H1_SL=6832.75;H4_SH=6847.25;H4_SL=6832.75;POC_PREV=6856.50;HVN_1=6637.50;HVN_2=6628.50;HVN_3=6626.50;HVN_4=6608.50,09:30;09:35;09:40;09:45,0,,,,,,,,,,,,,,,,,,,,,no_sweep
2026-04-14,1,6937.75,20,6,ASIA_H=6931.75;LON_H=6945.25;PDH=6928.25;ASIA_L=6920.25;LON_L=6924.75;PDL=6767.00;H1_SH=6953.25;H1_SL=6920.50;H4_SH=6970.75;H4_SL=6892.25;POC_PREV=6856.50;HVN_1=6855.50;HVN_2=6814.50;HVN_3=6637.50;HVN_4=6628.50;HVN_5=6626.50;HVN_6=6608.50,,-1,09:35,H1_SH;LON_H;ASIA_H;PDH,H1_SH,H1,6954.75,6937.25,,,,,,,,,,,,,,,no_confirmation
2026-04-15,1,7014.25,20,6,ASIA_H=7017.25;LON_H=7018.00;PDH=7008.00;ASIA_L=7000.50;LON_L=6991.75;PDL=6920.25;H1_SH=7017.25;H1_SL=7003.75;H4_SL=6920.25;POC_PREV=7001.50;HVN_1=6855.50;HVN_2=6814.50;HVN_3=6637.50;HVN_4=6628.50;HVN_5=6626.50;HVN_6=6608.50,,-1,09:40,LON_H;ASIA_H;H1_SH;PDH,LON_H,LON,7024.75,7006.00,09:45,ifvg,ifvg@09:45,0,7004.00,7024.75,7014.38,eq@09:45;ob@09:45,eq,7014.38,7014.38,09:45,09:55,7014.38,filled
2026-04-16,1,7071.75,20,6,ASIA_H=7078.50;LON_H=7077.25;PDH=7064.50;ASIA_L=7055.50;LON_L=7059.00;PDL=6991.75;H1_SH=7077.50;H1_SL=7068.25;H4_SL=6991.75;POC_PREV=7059.50;HVN_1=6855.50;HVN_2=6815.50;HVN_3=6637.50;HVN_4=6628.50;HVN_5=6626.50;HVN_6=6608.50,09:30;09:35;09:40;09:45,0,,,,,,,,,,,,,,,,,,,,,no_sweep
2026-04-17,1,7121.00,20,6,ASIA_H=7085.50;LON_H=7114.25;PDH=7089.00;ASIA_L=7075.25;LON_L=7080.00;PDL=7046.50;H1_SL=7075.25;H4_SL=7046.50;POC_PREV=7075.50;HVN_1=6855.50;HVN_2=6815.50;HVN_3=6644.50;HVN_4=6637.50;HVN_5=6625.50;HVN_6=6608.50,,0,,,,,,,,,,,,,,,,,,,,,no_sweep
2026-04-20,1,7148.25,20,6,ASIA_H=7128.50;LON_H=7136.25;PDH=7185.75;ASIA_L=7085.00;LON_L=7110.25;PDL=7075.25;H1_SH=7185.75;H1_SL=7110.25;H4_SH=7185.75;H4_SL=7085.00;POC_PREV=7163.50;HVN_1=6855.50;HVN_2=6815.50;HVN_3=6645.50;HVN_4=6638.50;HVN_5=6622.50;HVN_6=6620.50,,0,,,,,,,,,,,,,,,,,,,,,no_sweep
2026-04-21,1,7162.50,20,5,ASIA_H=7165.75;LON_H=7183.00;PDH=7160.50;ASIA_L=7150.00;LON_L=7154.50;PDL=7085.00;H1_SH=7185.75;H1_SL=7154.50;H4_SH=7185.75;H4_SL=7085.00;POC_PREV=7140.50;HVN_1=6855.50;HVN_2=6815.50;HVN_3=6645.50;HVN_4=6638.50;HVN_5=6619.50,09:30,1,09:40,ASIA_L;LON_L;H1_SL,ASIA_L,ASIA,7149.50,7164.00,09:45,ifvg+ote,ifvg@09:45;ote@09:45;bos@09:50,1,7149.50,7164.00,7156.75,eq@09:45;ob@09:45,eq,7156.75,7156.75,09:45,,,no_fill
2026-04-22,1,7150.00,20,6,ASIA_H=7147.50;LON_H=7157.25;PDH=7183.00;ASIA_L=7121.25;LON_L=7130.00;PDL=7085.00;H1_SH=7159.50;H1_SL=7130.00;H4_SH=7183.00;H4_SL=7085.00;POC_PREV=7124.50;HVN_1=7137.50;HVN_2=7162.50;HVN_3=7127.50;HVN_4=6855.50;HVN_5=6815.50;HVN_6=6645.50,,-1,09:30,ASIA_H,ASIA_H,ASIA,7152.25,7137.50,09:35,ifvg,ifvg@09:35,0,7140.75,7152.25,7146.50,eq@09:35;ob@09:35,eq,7146.50,7146.50,09:35,09:50,7146.50,filled
2026-04-23,1,7152.00,20,6,ASIA_H=7164.00;LON_H=7169.50;PDH=7173.00;ASIA_L=7105.50;LON_L=7125.75;PDL=7121.25;H1_SH=7159.50;H1_SL=7150.00;H4_SH=7173.00;H4_SL=7105.50;POC_PREV=7157.50;HVN_1=7161.50;HVN_2=7138.50;HVN_3=7127.50;HVN_4=6855.50;HVN_5=6815.50;HVN_6=6645.50,,1,09:30,H1_SL,H1_SL,H1,7149.75,7155.50,09:35,bos+ifvg+ote,bos@09:35;ifvg@09:35;ote@09:35,1,7149.75,7161.25,7155.50,eq@09:35;ob@09:35;breaker@09:35,breaker,7149.25,7152.75,09:35,10:00,7152.75,filled
2026-04-24,1,7162.50,20,6,ASIA_H=7161.25;LON_H=7189.50;PDH=7181.50;ASIA_L=7136.25;LON_L=7135.50;PDL=7079.25;H1_SH=7166.25;H1_SL=7154.50;H4_SH=7173.00;H4_SL=7105.50;POC_PREV=7137.50;HVN_1=7161.50;HVN_2=7137.50;HVN_3=7128.50;HVN_4=6855.50;HVN_5=6815.50;HVN_6=6620.50,09:30,1,09:35,H1_SL;HVN_1,H1_SL,H1,7150.75,7170.50,09:40,ifvg,ifvg@09:40,0,7150.75,7160.50,7155.62,eq@09:40;breaker@09:40,eq,7155.62,7155.62,09:40,09:50,7155.62,filled
2026-04-27,1,7186.25,20,6,ASIA_H=7208.50;LON_H=7198.50;PDH=7200.50;ASIA_L=7171.50;LON_L=7181.50;PDL=7135.50;H1_SH=7189.50;H1_SL=7181.50;H4_SL=7135.50;POC_PREV=7191.50;HVN_1=7161.50;HVN_2=7138.50;HVN_3=7128.50;HVN_4=6855.50;HVN_5=6815.50;HVN_6=6620.50,09:45,0,,,,,,,,,,,,,,,,,,,,,no_sweep
2026-04-28,1,7172.25,20,6,ASIA_H=7223.25;LON_H=7201.75;PDH=7211.25;ASIA_L=7189.50;LON_L=7149.50;PDL=7171.50;H1_SH=7173.00;H1_SL=7171.50;H4_SH=7173.00;H4_SL=7135.50;POC_PREV=7205.50;HVN_1=7161.50;HVN_2=7192.50;HVN_3=7138.50;HVN_4=7128.50;HVN_5=6855.50;HVN_6=6815.50,09:30;09:35;09:40;09:45,0,,,,,,,,,,,,,,,,,,,,,no_sweep
2026-04-29,1,7163.25,20,6,ASIA_H=7188.50;LON_H=7183.50;PDH=7223.25;ASIA_L=7169.00;LON_L=7166.50;PDL=7146.25;H1_SH=7166.25;H1_SL=7154.50;H4_SH=7173.00;H4_SL=7146.25;POC_PREV=7169.50;HVN_1=7161.50;HVN_2=7169.50;HVN_3=7138.50;HVN_4=7192.50;HVN_5=7128.50;HVN_6=6855.50,,1,09:35,H1_SL;HVN_1;LON_L;ASIA_L,H1_SL,H1,7152.75,7174.00,,,,,,,,,,,,,,,no_confirmation
2026-04-30,1,7200.25,20,3,ASIA_H=7201.50;LON_H=7211.50;PDH=7190.75;ASIA_L=7133.75;LON_L=7149.75;PDL=7131.25;H1_SH=7200.50;H1_SL=7181.50;H4_SH=7201.50;H4_SL=7177.00;POC_PREV=7159.50;HVN_1=7160.50;HVN_2=7141.50;HVN_3=7138.50,09:30,1,09:40,H4_SL;H1_SL,H4_SL,H4,7166.75,7209.75,09:45,ifvg,ifvg@09:45,0,7166.75,7185.00,7175.88,eq@09:45;breaker@09:45,eq,7175.88,7175.88,09:45,09:50,7175.88,filled
2026-05-01,1,7264.50,20,4,ASIA_H=7265.75;LON_H=7271.50;PDH=7253.50;ASIA_L=7246.25;LON_L=7246.50;PDL=7133.75;H1_SH=7265.75;H1_SL=7246.50;H4_SL=7177.00;POC_PREV=7244.50;HVN_1=7169.50;HVN_2=7161.50;HVN_3=7141.50;HVN_4=7138.50,,0,,,,,,,,,,,,,,,,,,,,,no_sweep
2026-05-04,1,7250.50,20,4,ASIA_H=7279.75;LON_H=7273.50;PDH=7300.75;ASIA_L=7254.25;LON_L=7213.75;PDL=7240.75;H1_SH=7263.50;H1_SL=7246.50;H4_SH=7300.75;H4_SL=7240.75;POC_PREV=7272.50;HVN_1=7169.50;HVN_2=7161.50;HVN_3=7141.50;HVN_4=7138.50,,1,09:30,H1_SL;ASIA_L,H1_SL,H1,7242.25,7256.00,09:35,ifvg,ifvg@09:35;ote@09:45;bos@09:55,0,7242.25,7252.50,7247.38,eq@09:35;breaker@09:35,eq,7247.38,7247.38,09:35,,,no_fill
2026-05-05,1,7267.25,20,4,ASIA_H=7248.25;LON_H=7269.00;PDH=7279.75;ASIA_L=7223.75;LON_L=7245.75;PDL=7199.50;H1_SH=7271.00;H1_SL=7254.25;H4_SH=7300.75;H4_SL=7240.75;POC_PREV=7225.50;HVN_1=7169.50;HVN_2=7161.50;HVN_3=7141.50;HVN_4=7138.50,,-1,09:35,H1_SH;LON_H;ASIA_H,H1_SH,H1,7274.00,7262.50,,,,,,,,,,,,,,,no_confirmation
2026-05-06,1,7331.00,20,4,ASIA_H=7320.00;LON_H=7366.25;PDH=7304.25;ASIA_L=7293.50;LON_L=7305.50;PDL=7223.75;H1_SL=7303.75;H4_SL=7240.75;POC_PREV=7283.50;HVN_1=7169.50;HVN_2=7161.50;HVN_3=7141.50;HVN_4=7138.50,,0,,,,,,,,,,,,,,,,,,,,,no_sweep
2026-05-07,1,7399.25,20,4,ASIA_H=7403.00;LON_H=7410.50;PDH=7395.75;ASIA_L=7377.00;LON_L=7389.75;PDL=7293.50;H1_SH=7410.50;H1_SL=7389.75;H4_SL=7240.75;POC_PREV=7387.50;HVN_1=7169.50;HVN_2=7161.50;HVN_3=7141.50;HVN_4=7138.50,,-1,09:30,PDH,PDH,PD,7400.25,7395.75,09:35,bos+ifvg+ote,bos@09:35;ifvg@09:35;ote@09:35,0,7391.00,7400.25,7395.62,eq@09:35;ob@09:35;breaker@09:35,eq,7395.62,7395.62,09:35,10:05,7395.62,filled
2026-05-08,1,7395.75,20,4,ASIA_H=7388.75;LON_H=7402.25;PDH=7410.50;ASIA_L=7336.25;LON_L=7380.75;PDL=7345.50;H1_SH=7402.25;H1_SL=7389.75;H4_SH=7410.50;H4_SL=7336.25;POC_PREV=7394.50;HVN_1=7169.50;HVN_2=7161.50;HVN_3=7141.50;HVN_4=7138.50,09:30;09:40,0,,,,,,,,,,,,,,,,,,,,,no_sweep
2026-05-11,1,7410.25,20,4,ASIA_H=7416.25;LON_H=7420.75;PDH=7427.75;ASIA_L=7390.50;LON_L=7408.25;PDL=7336.25;H1_SH=7410.50;H1_SL=7407.50;H4_SH=7410.50;H4_SL=7390.50;POC_PREV=7419.50;HVN_1=7169.50;HVN_2=7161.50;HVN_3=7141.50;HVN_4=7138.50,,0,,,,,,,,,,,,,,,,,,,,,no_sweep
2026-05-12,1,7414.00,20,4,ASIA_H=7443.75;LON_H=7417.25;PDH=7454.75;ASIA_L=7408.25;LON_L=7402.00;PDL=7390.50;H1_SH=7415.50;H1_SL=7411.25;H4_SH=7427.75;H4_SL=7402.50;POC_PREV=7436.50;HVN_1=7169.50;HVN_2=7161.50;HVN_3=7141.50;HVN_4=7138.50,09:30,1,09:35,LON_L;H4_SL;ASIA_L;H1_SL,LON_L,LON,7400.25,7421.25,09:40,ifvg,ifvg@09:40,0,7400.25,7413.00,7406.62,eq@09:40,eq,7406.62,7406.62,09:40,09:50,7402.75,filled
2026-05-13,1,7429.25,20,4,ASIA_H=7443.50;LON_H=7454.25;PDH=7443.75;ASIA_L=7410.00;LON_L=7432.25;PDL=7363.25;H1_SH=7433.75;H1_SL=7426.00;H4_SH=7454.75;H4_SL=7402.50;POC_PREV=7407.50;HVN_1=7169.50;HVN_2=7161.50;HVN_3=7141.50;HVN_4=7138.50,,1,09:40,ASIA_L;H1_SL;LON_L,ASIA_L,ASIA,7409.50,7435.00,10:00,ifvg,ifvg@10:00,0,7409.50,7419.00,7414.25,eq@10:00,eq,7414.25,7414.25,10:00,,,no_fill
2026-05-14,1,7481.00,20,4,ASIA_H=7489.50;LON_H=7499.25;PDH=7483.75;ASIA_L=7471.00;LON_L=7475.25;PDL=7399.00;H1_SH=7483.75;H1_SL=7475.25;H4_SL=7402.50;POC_PREV=7470.50;HVN_1=7169.50;HVN_2=7161.50;HVN_3=7141.50;HVN_4=7138.50,,-1,09:40,LON_H;ASIA_H;PDH;H1_SH,LON_H,LON,7500.50,7479.75,09:55,ifvg,ifvg@09:55,1,7485.75,7500.50,7493.12,eq@09:55;ob@09:55,eq,7493.12,7493.12,09:55,10:00,7493.12,filled
2026-05-15,1,7459.75,20,4,ASIA_H=7528.25;LON_H=7487.25;PDH=7540.00;ASIA_L=7463.00;LON_L=7431.00;PDL=7471.00;H1_SH=7483.75;H1_SL=7435.75;H4_SH=7540.00;H4_SL=7402.50;POC_PREV=7523.50;HVN_1=7169.50;HVN_2=7161.50;HVN_3=7141.50;HVN_4=7138.50,,1,09:30,H1_SL;ASIA_L;PDL,H1_SL,H1,7434.00,7440.50,09:45,ifvg,ifvg@09:45;bos@09:50;ote@09:50,0,7434.00,7462.00,7448.00,eq@09:45;breaker@09:45,eq,7448.00,7448.00,09:45,09:50,7437.25,filled
2026-05-18,1,7438.25,20,6,ASIA_H=7435.00;LON_H=7433.00;PDH=7528.25;ASIA_L=7375.00;LON_L=7384.75;PDL=7409.25;H1_SH=7443.75;H1_SL=7435.75;H4_SH=7454.75;H4_SL=7402.50;POC_PREV=7453.50;HVN_1=7418.50;HVN_2=7193.50;HVN_3=7168.50;HVN_4=7157.50;HVN_5=7141.50;HVN_6=7138.50,09:30,1,09:45,HVN_1;H1_SL,HVN_1,HVN,7415.25,7444.25,09:50,bos+ifvg+ote,bos@09:50;ifvg@09:50;ote@09:50,1,7415.25,7449.25,7432.25,eq@09:50;ob@09:50,eq,7432.25,7432.25,09:50,10:00,7432.25,filled
2026-05-19,1,7386.75,20,6,ASIA_H=7440.75;LON_H=7433.00;PDH=7454.25;ASIA_L=7391.50;LON_L=7384.00;PDL=7373.50;H1_SH=7393.00;H1_SL=7386.50;H4_SH=7410.50;H4_SL=7375.00;POC_PREV=7408.50;HVN_1=7395.50;HVN_2=7419.50;HVN_3=7432.50;HVN_4=7442.50;HVN_5=7193.50;HVN_6=7168.50,,1,09:30,LON_L;H1_SL;ASIA_L,LON_L,LON,7380.50,7404.75,09:50,ifvg,ifvg@09:50,0,7380.50,7399.00,7389.75,eq@09:50,eq,7389.75,7389.75,09:50,10:00,7389.75,filled
2026-05-20,1,7394.75,20,6,ASIA_H=7393.75;LON_H=7414.50;PDH=7440.75;ASIA_L=7356.00;LON_L=7384.50;PDL=7354.25;H1_SH=7395.75;H1_SL=7391.50;H4_SH=7410.50;H4_SL=7390.50;POC_PREV=7371.50;HVN_1=7394.50;HVN_2=7401.50;HVN_3=7410.50;HVN_4=7413.50;HVN_5=7419.50;HVN_6=7367.50,09:30;09:35;09:40,-1,09:45,HVN_2;H1_SH;ASIA_H,HVN_2,HVN,7410.50,7380.75,09:50,ifvg,ifvg@09:50;ote@10:05,0,7391.25,7410.50,7400.88,eq@09:50;breaker@09:50,eq,7400.88,7400.88,09:50,09:55,7400.88,filled
2026-05-21,1,7423.75,20,6,ASIA_H=7457.50;LON_H=7469.75;PDH=7458.00;ASIA_L=7407.50;LON_L=7415.00;PDL=7356.00;H1_SH=7427.75;H1_SL=7420.25;H4_SH=7427.75;H4_SL=7402.50;POC_PREV=7439.50;HVN_1=7419.50;HVN_2=7432.50;HVN_3=7413.50;HVN_4=7434.50;HVN_5=7410.50;HVN_6=7439.50,,1,09:30,HVN_3;LON_L;HVN_1;H1_SL,HVN_3,HVN,7413.25,7428.25,09:50,bos+ifvg+ote,bos@09:50;ifvg@09:50;ote@09:50,0,7413.25,7435.00,7424.12,eq@09:50,eq,7424.12,7424.12,09:50,,,no_fill
2026-05-22,1,7496.75,20,6,ASIA_H=7494.75;LON_H=7500.50;PDH=7486.75;ASIA_L=7466.75;LON_L=7469.50;PDL=7407.50;H1_SH=7500.50;H1_SL=7479.75;H4_SH=7540.00;H4_SL=7408.50;POC_PREV=7424.50;HVN_1=7438.50;HVN_2=7431.50;HVN_3=7419.50;HVN_4=7394.50;HVN_5=7367.50;HVN_6=7193.50,,0,,,,,,,,,,,,,,,,,,,,,no_sweep
2026-05-25,1,7558.50,20,6,ASIA_H=7565.00;LON_H=7568.75;PDH=7524.00;ASIA_L=7517.00;LON_L=7548.25;PDL=7466.75;H1_SH=7566.00;H1_SL=7548.25;H4_SL=7469.50;POC_PREV=7507.50;HVN_1=7438.50;HVN_2=7431.50;HVN_3=7419.50;HVN_4=7394.50;HVN_5=7367.50;HVN_6=7169.50,,-1,09:45,ASIA_H;PDH,ASIA_H,ASIA,7565.25,7557.50,10:00,ifvg,ifvg@10:00,0,7561.75,7565.25,7563.50,eq@10:00;fvg@10:05,fvg,7564.00,7564.50,10:05,,,no_fill
2026-05-26,1,7534.25,20,6,ASIA_H=7565.75;LON_H=7551.25;PDH=7569.75;ASIA_L=7531.75;LON_L=7525.25;PDL=7517.00;H1_SH=7540.00;H1_SL=7531.75;H4_SH=7540.00;H4_SL=7469.50;POC_PREV=7559.50;HVN_1=7438.50;HVN_2=7431.50;HVN_3=7419.50;HVN_4=7394.50;HVN_5=7367.50;HVN_6=7169.50,,1,09:35,LON_L;ASIA_L;H1_SL,LON_L,LON,7525.00,7544.00,09:40,ifvg,ifvg@09:40;ote@09:45;bos@10:00,1,7525.00,7540.75,7532.88,eq@09:40,eq,7532.88,7532.88,09:40,09:50,7532.88,filled
2026-05-27,1,7542.00,20,5,ASIA_H=7548.75;LON_H=7570.75;PDH=7565.75;ASIA_L=7529.25;LON_L=7540.00;PDL=7517.00;H1_SH=7542.50;H1_SL=7535.50;H4_SH=7555.25;H4_SL=7517.00;POC_PREV=7537.50;HVN_1=7438.50;HVN_2=7431.50;HVN_3=7419.50;HVN_4=7394.50;HVN_5=7367.50,09:30;09:35,0,,,,,,,,,,,,,,,,,,,,,no_sweep
2026-05-28,1,7535.25,20,6,ASIA_H=7557.75;LON_H=7536.00;PDH=7570.75;ASIA_L=7505.75;LON_L=7515.00;PDL=7515.00;H1_SH=7536.00;H1_SL=7532.25;H4_SH=7540.00;H4_SL=7517.00;POC_PREV=7540.50;HVN_1=7538.50;HVN_2=7527.50;HVN_3=7438.50;HVN_4=7431.50;HVN_5=7419.50;HVN_6=7394.50,09:30,1,09:40,HVN_2;H1_SL,HVN_2,HVN,7525.25,7538.75,09:45,ifvg,ifvg@09:45;ote@10:00;bos@10:05,0,7525.25,7532.00,7528.62,eq@09:45;breaker@09:45,eq,7528.62,7528.62,09:45,09:50,7527.25,filled
2026-05-29,1,7590.75,20,6,ASIA_H=7592.75;LON_H=7595.75;PDH=7590.75;ASIA_L=7572.75;LON_L=7580.00;PDL=7505.75;H1_SH=7592.50;H1_SL=7580.00;H4_SL=7517.00;POC_PREV=7581.50;HVN_1=7538.50;HVN_2=7528.50;HVN_3=7438.50;HVN_4=7431.50;HVN_5=7419.50;HVN_6=7394.50,,-1,09:30,ASIA_H;H1_SH;PDH,ASIA_H,ASIA,7594.50,7586.00,,,,,,,,,,,,,,,no_confirmation
2026-06-01,1,7583.00,20,6,ASIA_H=7619.75;LON_H=7623.00;PDH=7611.50;ASIA_L=7585.25;LON_L=7605.75;PDL=7572.75;H1_SH=7592.50;H1_SL=7581.75;H4_SL=7577.50;POC_PREV=7597.50;HVN_1=7538.50;HVN_2=7528.50;HVN_3=7438.50;HVN_4=7431.50;HVN_5=7419.50;HVN_6=7394.50,,1,09:30,H4_SL;H1_SL;ASIA_L;LON_L,H4_SL,H4,7576.25,7610.25,09:35,ifvg,ifvg@09:35,1,7576.25,7594.75,7585.50,eq@09:35,eq,7585.50,7585.50,09:35,09:55,7585.50,filled
2026-06-02,1,7598.00,20,6,ASIA_H=7612.00;LON_H=7610.50;PDH=7632.25;ASIA_L=7576.50;LON_L=7595.25;PDL=7576.25;H1_SH=7607.00;H1_SL=7584.25;H4_SH=7632.25;H4_SL=7577.50;POC_PREV=7613.50;HVN_1=7595.50;HVN_2=7538.50;HVN_3=7528.50;HVN_4=7438.50;HVN_5=7431.50;HVN_6=7419.50,,0,,,,,,,,,,,,,,,,,,,,,no_sweep
2026-06-03,1,7608.50,20,6,ASIA_H=7628.50;LON_H=7623.50;PDH=7632.00;ASIA_L=7602.00;LON_L=7610.50;PDL=7576.50;H1_SH=7610.50;H1_SL=7605.75;H4_SH=7632.00;H4_SL=7577.50;POC_PREV=7624.50;HVN_1=7596.50;HVN_2=7538.50;HVN_3=7528.50;HVN_4=7438.50;HVN_5=7431.50;HVN_6=7419.50,09:30,1,09:35,H1_SL;LON_L,H1_SL,H1,7602.75,7608.75,,,,,,,,,,,,,,,no_confirmation
2026-06-04,1,7548.25,20,6,ASIA_H=7553.00;LON_H=7557.75;PDH=7628.50;ASIA_L=7527.50;LON_L=7524.50;PDL=7541.75;H1_SH=7548.75;H1_SL=7535.50;H4_SH=7555.25;H4_SL=7517.00;POC_PREV=7580.50;HVN_1=7538.50;HVN_2=7528.50;HVN_3=7582.50;HVN_4=7589.50;HVN_5=7595.50;HVN_6=7438.50,,-1,09:35,LON_H;H4_SH;ASIA_H;H1_SH,LON_H,LON,7561.50,7547.50,09:40,ifvg+ote,ifvg@09:40;ote@09:40,0,7547.00,7561.50,7554.25,eq@09:40,eq,7554.25,7554.25,09:40,09:50,7554.25,filled
2026-06-05,1,7548.00,20,6,ASIA_H=7591.00;LON_H=7578.75;PDH=7611.50;ASIA_L=7546.75;LON_L=7547.25;PDL=7524.50;H1_SH=7548.75;H1_SL=7547.25;H4_SH=7555.25;H4_SL=7546.75;POC_PREV=7606.50;HVN_1=7538.50;HVN_2=7528.50;HVN_3=7582.50;HVN_4=7589.50;HVN_5=7595.50;HVN_6=7438.50,09:30;09:35,0,,,,,,,,,,,,,,,,,,,,,no_sweep
2026-06-08,1,7457.50,20,6,ASIA_H=7423.00;LON_H=7458.75;PDH=7591.00;ASIA_L=7355.50;LON_L=7400.50;PDL=7359.00;H1_SH=7458.00;H1_SL=7435.75;H4_SH=7458.00;H4_SL=7408.50;POC_PREV=7519.50;HVN_1=7439.50;HVN_2=7430.50;HVN_3=7410.50;HVN_4=7528.50;HVN_5=7538.50;HVN_6=7582.50,,-1,09:30,LON_H;H1_SH;H4_SH;ASIA_H,LON_H,LON,7469.25,7456.50,09:35,bos+ifvg+ote,bos@09:35;ifvg@09:35;ote@09:35,0,7439.00,7469.25,7454.12,eq@09:35;ob@09:35;breaker@09:35,eq,7454.12,7454.12,09:35,09:50,7454.12,filled
2026-06-09,1,7458.75,20,6,ASIA_H=7442.00;LON_H=7456.00;PDH=7476.75;ASIA_L=7390.25;LON_L=7428.00;PDL=7355.50;H1_SH=7467.75;H1_SL=7435.75;H4_SH=7475.75;H4_SL=7408.50;POC_PREV=7416.50;HVN_1=7460.50;HVN_2=7450.50;HVN_3=7468.50;HVN_4=7441.50;HVN_5=7428.50;HVN_6=7416.50,,-1,09:30,HVN_1;LON_H;ASIA_H,HVN_1,HVN,7463.75,7449.00,09:55,ifvg,ifvg@09:55,1,7454.50,7463.75,7459.12,eq@09:55;fvg@10:00,fvg,7472.25,7473.00,10:00,,,no_fill
2026-06-10,1,7354.75,20,6,ASIA_H=7393.00;LON_H=7373.50;PDH=7491.00;ASIA_L=7353.75;LON_L=7305.50;PDL=7247.25;H1_SH=7366.25;H1_SL=7354.25;H4_SH=7410.50;H4_SL=7354.25;POC_PREV=7386.50;HVN_1=7387.50;HVN_2=7393.50;HVN_3=7399.50;HVN_4=7416.50;HVN_5=7429.50;HVN_6=7432.50,09:35;09:40,-1,09:45,HVN_1;POC_PREV;LON_H;H1_SH,HVN_1,HVN,7390.50,7335.25,09:50,ifvg,ifvg@09:50,0,7367.50,7390.50,7379.00,eq@09:50;breaker@09:50,breaker,7382.25,7388.25,09:50,09:55,7382.25,filled
2026-06-11,1,7308.00,20,6,ASIA_H=7317.50;LON_H=7338.75;PDH=7404.75;ASIA_L=7232.25;LON_L=7296.50;PDL=7256.00;H1_SH=7317.50;H1_SL=7305.50;H4_SH=7404.75;H4_SL=7247.25;POC_PREV=7327.50;HVN_1=7373.50;HVN_2=7375.50;HVN_3=7386.50;HVN_4=7391.50;HVN_5=7393.50;HVN_6=7397.50,,1,09:45,LON_L;H1_SL,LON_L,LON,7287.25,7311.75,09:50,bos+ifvg+ote,bos@09:50;ifvg@09:50;ote@09:50,1,7287.25,7335.50,7311.38,eq@09:50;ob@09:50,eq,7311.38,7311.38,09:50,,,no_fill
2026-06-12,1,7423.75,20,6,ASIA_H=7421.25;LON_H=7451.25;PDH=7420.00;ASIA_L=7384.50;LON_L=7374.75;PDL=7232.25;H1_SH=7427.75;H1_SL=7420.25;H4_SH=7427.75;H4_SL=7408.50;POC_PREV=7302.50;HVN_1=7429.50;HVN_2=7432.50;HVN_3=7414.50;HVN_4=7440.50;HVN_5=7399.50;HVN_6=7393.50,09:30,1,09:40,LON_L;ASIA_L;HVN_6;HVN_5;H4_SL;HVN_3;H1_SL,LON_L,LON,7374.00,7424.75,09:55,ifvg,ifvg@09:55;ote@10:05,0,7374.00,7409.50,7391.75,eq@09:55,eq,7391.75,7391.75,09:55,10:00,7383.25,filled
2026-06-15,1,7599.25,20,6,ASIA_H=7596.75;LON_H=7602.25;PDH=7461.75;ASIA_L=7542.00;LON_L=7583.00;PDL=7366.50;H1_SH=7607.00;H1_SL=7587.50;H4_SH=7611.50;H4_SL=7577.50;POC_PREV=7436.50;HVN_1=7595.50;HVN_2=7589.50;HVN_3=7582.50;HVN_4=7623.50;HVN_5=7539.50;HVN_6=7529.50,,-1,09:30,H4_SH;H1_SH;LON_H;ASIA_H;PDH,H4_SH,H4,7612.00,7587.50,10:05,ifvg,ifvg@10:05,1,7598.50,7612.00,7605.25,eq@10:05,eq,7605.25,7605.25,10:05,,,no_fill
2026-06-16,1,7628.00,20,6,ASIA_H=7630.25;LON_H=7634.75;PDH=7648.75;ASIA_L=7612.00;LON_L=7618.75;PDL=7542.00;H1_SH=7630.00;H1_SL=7618.75;H4_SH=7632.00;H4_SL=7577.50;POC_PREV=7628.50;HVN_1=7624.50;HVN_2=7604.50;HVN_3=7595.50;HVN_4=7589.50;HVN_5=7582.50;HVN_6=7539.50,09:30,-1,09:35,LON_H;H4_SH;ASIA_H;H1_SH;POC_PREV,LON_H,LON,7636.50,7620.50,09:40,ifvg,ifvg@09:40;ote@09:55,0,7628.50,7636.50,7632.50,eq@09:40,eq,7632.50,7632.50,09:40,09:50,7633.50,filled
2026-06-17,1,7595.75,20,6,ASIA_H=7609.25;LON_H=7612.50;PDH=7636.75;ASIA_L=7581.25;LON_L=7583.00;PDL=7578.00;H1_SH=7597.00;H1_SL=7587.50;H4_SH=7611.50;H4_SL=7578.00;POC_PREV=7615.50;HVN_1=7595.50;HVN_2=7605.50;HVN_3=7583.50;HVN_4=7612.50;HVN_5=7624.50;HVN_6=7539.50,,1,09:30,H1_SL;HVN_1,H1_SL,H1,7584.75,7596.25,09:40,bos+ifvg+ote,bos@09:40;ifvg@09:40;ote@09:40,0,7584.75,7598.00,7591.38,eq@09:40,eq,7591.38,7591.38,09:40,09:55,7591.38,filled
2026-06-18,1,7577.00,20,6,ASIA_H=7561.25;LON_H=7568.25;PDH=7612.50;ASIA_L=7504.25;LON_L=7530.75;PDL=7472.25;H1_SH=7578.75;H1_SL=7576.50;H4_SH=7611.50;H4_SL=7576.50;POC_PREV=7587.50;HVN_1=7583.50;HVN_2=7589.50;HVN_3=7595.50;HVN_4=7604.50;HVN_5=7612.50;HVN_6=7539.50,09:30,1,09:45,HVN_6;H1_SL;H4_SL,HVN_6,HVN,7535.50,7581.50,09:50,ifvg,ifvg@09:50,0,7535.50,7554.75,7545.12,eq@09:50;breaker@09:50,eq,7545.12,7545.12,09:50,09:55,7543.00,filled
2026-06-19,1,7559.00,20,6,ASIA_H=7580.00;LON_H=7562.50;PDH=7583.00;ASIA_L=7520.50;LON_L=7537.00;PDL=7504.25;H1_SH=7561.25;H1_SL=7549.00;H4_SH=7569.75;H4_SL=7546.75;POC_PREV=7562.50;HVN_1=7560.50;HVN_2=7539.50;HVN_3=7583.50;HVN_4=7529.50;HVN_5=7589.50;HVN_6=7595.50,,-1,09:30,LON_H;POC_PREV;H1_SH;HVN_1,LON_H,LON,7563.25,7555.50,09:35,ifvg,ifvg@09:35,0,7556.25,7563.25,7559.75,eq@09:35,eq,7559.75,7559.75,09:35,09:50,7559.75,filled
2026-06-22,1,7573.00,20,6,ASIA_H=7562.75;LON_H=7577.75;PDH=7580.00;ASIA_L=7513.00;LON_L=7552.50;PDL=7520.50;H1_SH=7578.75;H1_SL=7572.75;H4_SH=7583.00;H4_SL=7546.75;POC_PREV=7559.50;HVN_1=7569.50;HVN_2=7583.50;HVN_3=7560.50;HVN_4=7589.50;HVN_5=7595.50;HVN_6=7604.50,09:30,-1,09:40,HVN_5;HVN_4;HVN_2;H4_SH;PDH;H1_SH;LON_H;ASIA_H,HVN_5,HVN,7596.75,7571.50,,,,,,,,,,,,,,,no_confirmation
2026-06-23,1,7429.50,20,6,ASIA_H=7549.50;LON_H=7455.50;PDH=7599.25;ASIA_L=7444.75;LON_L=7421.75;PDL=7513.00;H1_SH=7433.00;H1_SL=7429.00;H4_SH=7454.25;H4_SL=7408.50;POC_PREV=7543.50;HVN_1=7541.50;HVN_2=7560.50;HVN_3=7583.50;HVN_4=7589.50;HVN_5=7594.50;HVN_6=7604.50,09:30;09:35;09:40;09:45,0,,,,,,,,,,,,,,,,,,,,,no_sweep
2026-06-24,1,7447.50,20,6,ASIA_H=7459.75;LON_H=7467.25;PDH=7549.50;ASIA_L=7420.25;LON_L=7439.25;PDL=7415.25;H1_SH=7451.25;H1_SL=7439.25;H4_SH=7454.25;H4_SL=7420.25;POC_PREV=7442.50;HVN_1=7434.50;HVN_2=7542.50;HVN_3=7560.50;HVN_4=7583.50;HVN_5=7589.50;HVN_6=7594.50,09:30,-1,09:35,LON_H;ASIA_H;H4_SH;H1_SH,LON_H,LON,7468.00,7457.00,09:40,bos+ifvg+ote,bos@09:40;ifvg@09:40;ote@09:40,0,7442.25,7468.00,7455.12,eq@09:40;breaker@09:40,breaker,7458.50,7463.00,09:40,09:50,7458.50,filled
2026-06-25,1,7485.75,20,6,ASIA_H=7486.75;LON_H=7491.25;PDH=7496.50;ASIA_L=7452.25;LON_L=7472.25;PDL=7404.25;H1_SH=7486.75;H1_SL=7482.25;H4_SH=7491.00;H4_SL=7472.25;POC_PREV=7448.50;HVN_1=7444.50;HVN_2=7440.50;HVN_3=7434.50;HVN_4=7543.50;HVN_5=7415.50;HVN_6=7560.50,09:30,1,09:45,HVN_5;HVN_3;HVN_2;HVN_1;POC_PREV;ASIA_L;LON_L;H4_SL;H1_SL,HVN_5,HVN,7410.50,7490.50,10:00,ifvg,ifvg@10:00,1,7410.50,7444.00,7427.25,eq@10:00,eq,7427.25,7427.25,10:00,,,no_fill
2026-06-26,1,7381.00,20,6,ASIA_H=7454.25;LON_H=7416.00;PDH=7496.00;ASIA_L=7357.25;LON_L=7376.50;PDL=7390.50;H1_SH=7387.00;H1_SL=7377.00;H4_SH=7404.75;H4_SL=7375.00;POC_PREV=7429.50;HVN_1=7415.50;HVN_2=7438.50;HVN_3=7440.50;HVN_4=7444.50;HVN_5=7543.50;HVN_6=7594.50,09:30,1,09:40,H4_SL;LON_L;H1_SL;PDL,H4_SL,H4,7368.75,7388.25,09:45,ifvg,ifvg@09:45;ote@09:50;bos@09:55,0,7368.75,7390.25,7379.50,eq@09:45,eq,7379.50,7379.50,09:45,09:50,7378.75,filled
2026-06-29,1,7457.00,20,6,ASIA_H=7458.50;LON_H=7473.75;PDH=7459.50;ASIA_L=7398.00;LON_L=7436.50;PDL=7357.25;H1_SH=7457.50;H1_SL=7452.25;H4_SH=7458.00;H4_SL=7420.25;POC_PREV=7420.50;HVN_1=7444.50;HVN_2=7437.50;HVN_3=7416.50;HVN_4=7400.50;HVN_5=7543.50;HVN_6=7561.50,09:30,-1,09:35,LON_H;PDH;ASIA_H;H4_SH;H1_SH,LON_H,LON,7478.25,7455.25,09:55,ifvg+ote,ifvg@09:55;ote@09:55;bos@10:00,1,7453.75,7478.25,7466.00,eq@09:55,eq,7466.00,7466.00,09:55,,,no_fill
2026-06-30,1,7500.00,20,6,ASIA_H=7515.00;LON_H=7517.50;PDH=7505.00;ASIA_L=7481.75;LON_L=7494.00;PDL=7398.00;H1_SH=7500.50;H1_SL=7494.00;H4_SH=7540.00;H4_SL=7472.25;POC_PREV=7495.50;HVN_1=7457.50;HVN_2=7543.50;HVN_3=7446.50;HVN_4=7444.50;HVN_5=7561.50;HVN_6=7437.50,,-1,09:30,PDH;H1_SH,PDH,PD,7506.75,7492.25,09:35,ifvg,ifvg@09:35,0,7495.75,7506.75,7501.25,eq@09:35;breaker@09:35,eq,7501.25,7501.25,09:35,09:50,7507.00,filled
2026-07-01,1,7532.00,20,6,ASIA_H=7550.75;LON_H=7539.75;PDH=7567.75;ASIA_L=7517.50;LON_L=7510.50;PDL=7481.75;H1_SH=7534.75;H1_SL=7531.75;H4_SH=7540.00;H4_SL=7530.75;POC_PREV=7555.50;HVN_1=7543.50;HVN_2=7556.50;HVN_3=7574.50;HVN_4=7576.50;HVN_5=7590.50;HVN_6=7457.50,,1,09:35,LON_L;ASIA_L;H4_SL;H1_SL,LON_L,LON,7505.75,7540.00,09:45,ifvg,ifvg@09:45;ote@09:55;bos@10:05,0,7505.75,7524.00,7514.88,eq@09:45,eq,7514.88,7514.88,09:45,,,no_fill
2026-07-02,1,7555.00,20,6,ASIA_H=7558.00;LON_H=7557.00;PDH=7579.00;ASIA_L=7522.75;LON_L=7520.25;PDL=7505.75;H1_SH=7555.25;H1_SL=7549.00;H4_SH=7555.25;H4_SL=7546.75;POC_PREV=7551.50;HVN_1=7557.50;HVN_2=7543.50;HVN_3=7457.50;HVN_4=7446.50;HVN_5=7444.50;HVN_6=7437.50,,-1,09:40,PDH;ASIA_H;HVN_1;LON_H;H1_SH;H4_SH,PDH,PD,7583.50,7551.50,,,,,,,,,,,,,,,no_confirmation
2026-07-03,1,7554.75,20,6,ASIA_H=7565.25;LON_H=7560.75;PDH=7593.75;ASIA_L=7523.75;LON_L=7545.75;PDL=7479.50;H1_SH=7555.25;H1_SL=7549.00;H4_SH=7555.25;H4_SL=7546.75;POC_PREV=7522.50;HVN_1=7557.50;HVN_2=7550.50;HVN_3=7543.50;HVN_4=7571.50;HVN_5=7495.50;HVN_6=7457.50,,-1,09:30,HVN_1;H1_SH;H4_SH,HVN_1,HVN,7559.25,7551.00,09:35,ifvg,ifvg@09:35;bos@09:45;ote@09:45,0,7552.25,7559.25,7555.75,eq@09:35,eq,7555.75,7555.75,09:35,,,no_fill
2026-07-06,1,7564.75,20,6,ASIA_H=7574.25;LON_H=7566.75;PDH=7565.25;ASIA_L=7538.25;LON_L=7552.50;PDL=7523.75;H1_SH=7565.25;H1_SL=7562.50;H4_SH=7565.25;H4_SL=7546.75;POC_PREV=7551.50;HVN_1=7557.50;HVN_2=7572.50;HVN_3=7543.50;HVN_4=7496.50;HVN_5=7446.50;HVN_6=7444.50,09:30;09:35;09:40;09:45,0,,,,,,,,,,,,,,,,,,,,,no_sweep
2026-07-07,1,7580.75,20,6,ASIA_H=7601.25;LON_H=7585.75;PDH=7602.50;ASIA_L=7563.00;LON_L=7571.25;PDL=7538.25;H1_SH=7581.50;H1_SL=7580.00;H4_SH=7583.00;H4_SL=7578.00;POC_PREV=7588.50;HVN_1=7573.50;HVN_2=7571.50;HVN_3=7590.50;HVN_4=7557.50;HVN_5=7543.50;HVN_6=7496.50,09:30,1,09:35,LON_L;HVN_2;HVN_1;H4_SL;H1_SL,LON_L,LON,7569.75,7583.25,09:40,ifvg,ifvg@09:40,1,7569.75,7580.50,7575.12,eq@09:40,eq,7575.12,7575.12,09:40,09:50,7574.50,filled
2026-07-08,1,7507.00,20,6,ASIA_H=7563.00;LON_H=7548.00;PDH=7601.25;ASIA_L=7532.75;LON_L=7468.50;PDL=7529.50;H1_SH=7515.00;H1_SL=7505.75;H4_SH=7540.00;H4_SL=7505.75;POC_PREV=7566.50;HVN_1=7543.50;HVN_2=7553.50;HVN_3=7557.50;HVN_4=7446.50;HVN_5=7574.50;HVN_6=7438.50,09:30;09:35;09:40;09:45,0,,,,,,,,,,,,,,,,,,,,,no_sweep
2026-07-09,1,7546.75,20,6,ASIA_H=7554.00;LON_H=7558.00;PDH=7563.00;ASIA_L=7516.25;LON_L=7526.75;PDL=7468.50;H1_SH=7548.75;H1_SL=7545.75;H4_SH=7555.25;H4_SL=7538.25;POC_PREV=7526.50;HVN_1=7543.50;HVN_2=7553.50;HVN_3=7526.50;HVN_4=7574.50;HVN_5=7587.50;HVN_6=7496.50,,1,09:30,H4_SL;HVN_1;H1_SL,H4_SL,H4,7530.25,7554.50,09:35,bos+ifvg+ote,bos@09:35;ifvg@09:35;ote@09:35,1,7530.25,7557.25,7543.75,eq@09:35,eq,7543.75,7543.75,09:35,,,no_fill
2026-07-10,1,7592.25,20,6,ASIA_H=7591.75;LON_H=7595.50;PDH=7595.00;ASIA_L=7570.50;LON_L=7568.50;PDL=7516.25;H1_SH=7592.50;H1_SL=7587.50;H4_SH=7593.75;H4_SL=7578.00;POC_PREV=7587.50;HVN_1=7587.50;HVN_2=7574.50;HVN_3=7553.50;HVN_4=7543.50;HVN_5=7446.50;HVN_6=7438.50,,-1,09:40,LON_H;PDH;H4_SH;H1_SH;ASIA_H,LON_H,LON,7598.50,7589.25,,,,,,,,,,,,,,,no_confirmation
2026-07-13,1,7595.75,20,6,ASIA_H=7615.25;LON_H=7604.50;PDH=7628.75;ASIA_L=7566.50;LON_L=7581.50;PDL=7552.75;H1_SH=7597.00;H1_SL=7591.75;H4_SH=7599.25;H4_SL=7578.00;POC_PREV=7623.50;HVN_1=7588.50;HVN_2=7574.50;HVN_3=7553.50;HVN_4=7543.50;HVN_5=7447.50;HVN_6=7440.50,,-1,09:35,LON_H;H4_SH;H1_SH,LON_H,LON,7608.75,7593.00,09:40,ifvg,ifvg@09:40,0,7595.75,7608.75,7602.25,eq@09:40,eq,7602.25,7602.25,09:40,09:55,7602.25,filled
2026-07-14,1,7579.25,20,6,ASIA_H=7575.25;LON_H=7566.00;PDH=7615.25;ASIA_L=7531.50;LON_L=7544.00;PDL=7547.25;H1_SH=7581.50;H1_SL=7578.00;H4_SH=7583.00;H4_SL=7578.00;POC_PREV=7596.50;HVN_1=7588.50;HVN_2=7561.50;HVN_3=7553.50;HVN_4=7543.50;HVN_5=7447.50;HVN_6=7440.50,09:30;09:35;09:40;09:45,0,,,,,,,,,,,,,,,,,,,,,no_sweep
2026-07-15,1,7612.50,20,6,ASIA_H=7613.50;LON_H=7610.75;PDH=7613.75;ASIA_L=7583.00;LON_L=7592.50;PDL=7531.50;H1_SH=7613.50;H1_SL=7612.00;H4_SH=7613.75;H4_SL=7578.00;POC_PREV=7589.50;HVN_1=7589.50;HVN_2=7581.50;HVN_3=7574.50;HVN_4=7561.50;HVN_5=7553.50;HVN_6=7544.50,09:30,-1,09:40,PDH;H4_SH;ASIA_H;H1_SH;LON_H,PDH,PD,7618.75,7605.75,09:45,bos+ifvg+ote,bos@09:45;ifvg@09:45;ote@09:45,1,7603.25,7618.75,7611.00,eq@09:45;ob@09:45,eq,7611.00,7611.00,09:45,09:55,7611.00,filled
2026-07-16,1,7596.75,20,6,ASIA_H=7632.00;LON_H=7618.75;PDH=7626.25;ASIA_L=7610.25;LON_L=7580.75;PDL=7571.75;H1_SH=7597.00;H1_SL=7593.50;H4_SH=7599.25;H4_SL=7578.00;POC_PREV=7605.50;HVN_1=7590.50;HVN_2=7561.50;HVN_3=7554.50;HVN_4=7544.50;HVN_5=7447.50;HVN_6=7440.50,09:30,1,09:40,LON_L;HVN_1;H1_SL;ASIA_L,LON_L,LON,7579.75,7604.25,10:00,ifvg,ifvg@10:00;ote@10:05,1,7579.75,7597.25,7588.50,eq@10:00,eq,7588.50,7588.50,10:00,,,no_fill
2026-07-17,1,7485.00,20,6,ASIA_H=7575.00;LON_H=7522.00;PDH=7632.00;ASIA_L=7503.00;LON_L=7491.25;PDL=7548.25;H1_SH=7486.75;H1_SL=7482.25;H4_SH=7491.00;H4_SL=7479.50;POC_PREV=7590.50;HVN_1=7447.50;HVN_2=7440.50;HVN_3=7543.50;HVN_4=7553.50;HVN_5=7575.50;HVN_6=7589.50,09:30,1,09:35,H4_SL;H1_SL;LON_L;ASIA_L;PDL,H4_SL,H4,7473.00,7512.25,09:45,ifvg,ifvg@09:45;bos@09:55;ote@09:55,1,7473.00,7497.00,7485.00,eq@09:45,eq,7485.00,7485.00,09:45,,,no_fill
2026-07-20,1,7534.25,20,6,ASIA_H=7517.50;LON_H=7545.25;PDH=7575.00;ASIA_L=7482.00;LON_L=7496.75;PDL=7473.00;H1_SH=7534.75;H1_SL=7533.25;H4_SH=7539.00;H4_SL=7531.50;POC_PREV=7528.50;HVN_1=7535.50;HVN_2=7531.50;HVN_3=7543.50;HVN_4=7553.50;HVN_5=7496.50;HVN_6=7575.50,09:30,-1,09:45,LON_H;HVN_3;H4_SH;HVN_1;H1_SH;ASIA_H,LON_H,LON,7552.00,7526.25,09:50,ifvg+ote,ifvg@09:50;ote@09:50;bos@09:55,1,7526.25,7552.00,7539.12,eq@09:50;ob@09:50,eq,7539.12,7539.12,09:50,,,no_fill
2026-07-21,1,7526.00,20,6,ASIA_H=7530.25;LON_H=7530.25;PDH=7552.00;ASIA_L=7473.00;LON_L=7510.50;PDL=7476.75;H1_SH=7530.25;H1_SL=7525.75;H4_SH=7539.00;H4_SL=7524.50;POC_PREV=7514.50;HVN_1=7526.50;HVN_2=7508.50;HVN_3=7553.50;HVN_4=7495.50;HVN_5=7565.50;HVN_6=7482.50,09:30,1,09:45,HVN_2;LON_L;POC_PREV;H4_SL;H1_SL,HVN_2,HVN,7504.50,7530.25,09:50,ifvg,ifvg@09:50,0,7504.50,7516.25,7510.38,eq@09:50;breaker@09:50,eq,7510.38,7510.38,09:50,09:55,7510.38,filled
2026-07-22,1,7528.00,20,6,ASIA_H=7547.00;LON_H=7533.00;PDH=7554.00;ASIA_L=7521.00;LON_L=7511.50;PDL=7473.00;H1_SH=7530.25;H1_SL=7527.50;H4_SH=7539.00;H4_SL=7524.50;POC_PREV=7546.50;HVN_1=7524.50;HVN_2=7513.50;HVN_3=7547.50;HVN_4=7495.50;HVN_5=7565.50;HVN_6=7575.50,09:30,-1,09:40,H4_SH;LON_H;H1_SH,H4_SH,H4,7539.25,7504.00,09:45,ifvg,ifvg@09:45,0,7532.50,7539.25,7535.88,eq@09:45;breaker@09:45,eq,7535.88,7535.88,09:45,09:50,7539.25,filled
2026-07-23,1,7453.50,20,5,ASIA_H=7549.50;LON_H=7526.00;PDH=7563.50;ASIA_L=7515.75;LON_L=7477.75;PDL=7504.00;H1_SH=7454.25;H1_SL=7452.25;H4_SH=7454.25;H4_SL=7420.25;POC_PREV=7544.50;HVN_1=7495.50;HVN_2=7524.50;HVN_3=7546.50;HVN_4=7575.50;HVN_5=7589.50,09:30;09:35;09:40;09:45,0,,,,,,,,,,,,,,,,,,,,,no_sweep
2026-07-24,1,7443.75,20,5,ASIA_H=7459.25;LON_H=7469.00;PDH=7549.50;ASIA_L=7433.75;LON_L=7442.00;PDL=7411.75;H1_SH=7451.25;H1_SL=7439.25;H4_SH=7454.25;H4_SL=7420.25;POC_PREV=7430.50;HVN_1=7495.50;HVN_2=7524.50;HVN_3=7546.50;HVN_4=7575.50;HVN_5=7589.50,,-1,09:35,H4_SH;H1_SH,H4_SH,H4,7455.00,7446.50,09:40,ifvg+ote,ifvg@09:40;ote@09:40;bos@09:50,0,7444.75,7455.00,7449.88,eq@09:40,eq,7449.88,7449.88,09:40,09:50,7456.75,filled
2026-07-27,1,7507.50,20,5,ASIA_H=7520.00;LON_H=7524.75;PDH=7496.50;ASIA_L=7486.00;LON_L=7504.50;PDL=7431.50;H1_SH=7512.00;H1_SL=7507.00;H4_SH=7539.00;H4_SL=7505.75;POC_PREV=7442.50;HVN_1=7495.50;HVN_2=7524.50;HVN_3=7546.50;HVN_4=7575.50;HVN_5=7589.50,09:30;09:35;09:40;09:45,0,,,,,,,,,,,,,,,,,,,,,no_sweep
2026-07-28,1,7449.75,20,5,ASIA_H=7456.00;LON_H=7458.00;PDH=7524.75;ASIA_L=7419.00;LON_L=7425.25;PDL=7416.25;H1_SH=7451.25;H1_SL=7439.25;H4_SH=7454.25;H4_SL=7431.50;POC_PREV=7448.50;HVN_1=7513.50;HVN_2=7523.50;HVN_3=7546.50;HVN_4=7575.50;HVN_5=7589.50,09:30,1,09:40,LON_L;H4_SL;H1_SL;POC_PREV,LON_L,LON,7423.25,7462.25,09:45,ifvg,ifvg@09:45,0,7423.25,7441.25,7432.25,eq@09:45;breaker@09:45,breaker,7425.00,7428.75,09:45,09:50,7428.75,filled
2026-07-29,1,7456.50,20,6,ASIA_H=7501.00;LON_H=7492.00;PDH=7485.75;ASIA_L=7438.50;LON_L=7456.50;PDL=7417.00;H1_SH=7456.75;H1_SL=7452.25;H4_SH=7458.00;H4_SL=7431.50;POC_PREV=7472.50;HVN_1=7446.50;HVN_2=7513.50;HVN_3=7517.50;HVN_4=7524.50;HVN_5=7546.50;HVN_6=7559.50,09:30;09:35;09:40;09:45,0,,,,,,,,,,,,,,,,,,,,,no_sweep
2026-07-30,1,7414.25,20,6,ASIA_H=7392.75;LON_H=7404.75;PDH=7501.00;ASIA_L=7331.00;LON_L=7351.50;PDL=7324.00;H1_SH=7415.25;H1_SL=7411.75;H4_SH=7427.75;H4_SL=7411.75;POC_PREV=7409.50;HVN_1=7446.50;HVN_2=7513.50;HVN_3=7523.50;HVN_4=7533.50;HVN_5=7546.50;HVN_6=7567.50,09:30;09:35;09:40,0,,,,,,,,,,,,,,,,,,,,,no_sweep
2026-07-31,1,7498.75,20,6,ASIA_H=7511.25;LON_H=7517.75;PDH=7498.00;ASIA_L=7468.25;LON_L=7486.00;PDL=7331.00;H1_SH=7500.50;H1_SL=7495.25;H4_SH=7501.00;H4_SL=7482.00;POC_PREV=7434.50;HVN_1=7516.50;HVN_2=7523.50;HVN_3=7472.50;HVN_4=7533.50;HVN_5=7546.50;HVN_6=7442.50,09:35,1,09:40,H4_SL;LON_L;H1_SL,H4_SL,H4,7479.75,7515.50,,,,,,,,,,,,,,,no_confirmation
2026-08-03,1,7546.00,20,6,ASIA_H=7567.00;LON_H=7567.75;PDH=7541.00;ASIA_L=7543.50;LON_L=7547.50;PDL=7427.50;H1_SH=7547.00;H1_SL=7545.75;H4_SH=7552.00;H4_SL=7538.25;POC_PREV=7511.50;HVN_1=7546.50;HVN_2=7534.50;HVN_3=7524.50;HVN_4=7567.50;HVN_5=7513.50;HVN_6=7590.50,09:30,-1,09:40,LON_H;HVN_4;ASIA_H;H4_SH;H1_SH;HVN_1;PDH,LON_H,LON,7570.00,7542.75,,,,,,,,,,,,,,,no_confirmation
2026-08-04,1,7657.50,20,6,ASIA_H=7650.00;LON_H=7657.75;PDH=7637.75;ASIA_L=7629.00;LON_L=7631.75;PDL=7542.75;H1_SL=7631.75;H4_SL=7578.00;POC_PREV=7631.50;HVN_1=7613.50;HVN_2=7602.50;HVN_3=7589.50;HVN_4=7565.50;HVN_5=7546.50;HVN_6=7534.50,,0,,,,,,,,,,,,,,,,,,,,,no_sweep
2026-08-05,1,7809.75,20,6,ASIA_H=7800.00;LON_H=7805.25;PDH=7786.00;ASIA_L=7771.00;LON_L=7780.25;PDL=7629.00;H1_SL=7780.25;H4_SL=7578.00;POC_PREV=7773.50;HVN_1=7613.50;HVN_2=7602.50;HVN_3=7589.50;HVN_4=7572.50;HVN_5=7561.50;HVN_6=7546.50,,0,,,,,,,,,,,,,,,,,,,,,no_sweep
2026-08-06,1,7751.75,20,6,ASIA_H=7770.75;LON_H=7767.50;PDH=7820.25;ASIA_L=7748.00;LON_L=7750.00;PDL=7745.75;H1_SH=7767.50;H1_SL=7750.50;H4_SH=7820.25;H4_SL=7745.75;POC_PREV=7766.50;HVN_1=7767.50;HVN_2=7613.50;HVN_3=7602.50;HVN_4=7589.50;HVN_5=7572.50;HVN_6=7561.50,,1,09:30,PDL;H4_SL;ASIA_L;LON_L;H1_SL,PDL,PD,7740.25,7761.50,09:40,ifvg,ifvg@09:40;bos@09:45;ote@09:45,1,7740.25,7759.00,7749.62,eq@09:40,eq,7749.62,7749.62,09:40,,,no_fill
2026-08-07,1,7757.25,20,6,ASIA_H=7742.50;LON_H=7759.50;PDH=7770.75;ASIA_L=7725.50;LON_L=7736.00;PDL=7724.25;H1_SH=7767.50;H1_SL=7750.50;H4_SH=7768.50;H4_SL=7745.75;POC_PREV=7738.50;HVN_1=7766.50;HVN_2=7613.50;HVN_3=7602.50;HVN_4=7591.50;HVN_5=7546.50;HVN_6=7523.50,,-1,09:35,LON_H;ASIA_H,LON_H,LON,7762.75,7750.50,09:55,ifvg,ifvg@09:55;ote@10:00,0,7751.75,7762.75,7757.25,eq@09:55,eq,7757.25,7757.25,09:55,10:00,7758.00,filled
2026-08-10,1,7773.00,20,6,ASIA_H=7792.75;LON_H=7796.25;PDH=7786.75;ASIA_L=7763.00;LON_L=7776.50;PDL=7725.50;H1_SH=7774.50;H1_SL=7763.00;H4_SH=7786.75;H4_SL=7745.75;POC_PREV=7776.50;HVN_1=7767.50;HVN_2=7612.50;HVN_3=7603.50;HVN_4=7591.50;HVN_5=7546.50;HVN_6=7523.50,09:30;09:35;09:40;09:45,0,,,,,,,,,,,,,,,,,,,,,no_sweep
2026-08-11,1,7791.75,20,6,ASIA_H=7789.50;LON_H=7796.00;PDH=7798.00;ASIA_L=7766.50;LON_L=7770.00;PDL=7763.00;H1_SH=7796.25;H1_SL=7783.50;H4_SH=7798.00;H4_SL=7764.50;POC_PREV=7775.50;HVN_1=7774.50;HVN_2=7613.50;HVN_3=7603.50;HVN_4=7590.50;HVN_5=7546.50;HVN_6=7523.50,09:30,1,09:35,POC_PREV;H1_SL,POC_PREV,POC,7774.75,7793.50,09:40,ifvg,ifvg@09:40,0,7774.75,7783.50,7779.12,eq@09:40;breaker@09:40,breaker,7771.75,7777.75,09:40,09:50,7774.50,filled
2026-08-12,1,7791.75,20,6,ASIA_H=7759.75;LON_H=7782.25;PDH=7796.00;ASIA_L=7748.50;LON_L=7757.00;PDL=7738.00;H1_SH=7796.00;H1_SL=7783.50;H4_SH=7796.00;H4_SL=7764.50;POC_PREV=7781.50;HVN_1=7774.50;HVN_2=7767.50;HVN_3=7755.50;HVN_4=7613.50;HVN_5=7603.50;HVN_6=7546.50,09:30;09:35;09:40;09:45,0,,,,,,,,,,,,,,,,,,,,,no_sweep
2026-08-13,1,7793.25,20,6,ASIA_H=7780.50;LON_H=7789.00;PDH=7794.00;ASIA_L=7764.25;LON_L=7774.00;PDL=7748.50;H1_SH=7794.00;H1_SL=7783.50;H4_SH=7794.00;H4_SL=7764.50;POC_PREV=7773.50;HVN_1=7773.50;HVN_2=7523.50;HVN_3=7521.50;HVN_4=7513.50;HVN_5=7471.50;HVN_6=7442.50,,0,,,,,,,,,,,,,,,,,,,,,no_sweep
2026-08-14,1,7827.75,20,6,ASIA_H=7828.75;LON_H=7830.75;PDH=7838.50;ASIA_L=7820.25;LON_L=7820.00;PDL=7764.25;H1_SH=7828.75;H1_SL=7820.25;H4_SH=7838.50;H4_SL=7764.50;POC_PREV=7822.50;HVN_1=7773.50;HVN_2=7523.50;HVN_3=7521.50;HVN_4=7513.50;HVN_5=7471.50;HVN_6=7442.50,,1,09:30,POC_PREV,POC_PREV,POC,7821.25,7831.25,09:40,ifvg,ifvg@09:40,1,7821.25,7828.00,7824.62,eq@09:40,eq,7824.62,7824.62,09:40,09:50,7822.00,filled
2026-08-17,1,7803.00,20,3,ASIA_H=7820.25;LON_H=7824.50;PDH=7831.75;ASIA_L=7804.00;LON_L=7805.75;PDL=7796.50;H1_SH=7814.00;H1_SL=7796.50;H4_SH=7820.25;H4_SL=7796.50;POC_PREV=7803.50;HVN_1=7773.50;HVN_2=7471.50;HVN_3=7442.50,09:30,1,09:40,PDL;H1_SL;H4_SL;ASIA_L;LON_L,PDL,PD,7794.75,7809.50,,,,,,,,,,,,,,,no_confirmation
2026-08-18,1,7726.50,20,3,ASIA_H=7770.50;LON_H=7742.25;PDH=7824.50;ASIA_L=7726.00;LON_L=7716.50;PDL=7763.50;H1_SH=7742.50;H1_SL=7725.50;H4_SH=7768.50;H4_SL=7725.50;POC_PREV=7794.50;HVN_1=7774.50;HVN_2=7471.50;HVN_3=7442.50,,1,09:35,H1_SL;H4_SL;ASIA_L;PDL,H1_SL,H1,7722.75,7736.50,09:40,ifvg,ifvg@09:40,0,7722.75,7735.25,7729.00,eq@09:40;breaker@09:40,eq,7729.00,7729.00,09:40,09:50,7724.50,filled
2026-08-19,1,7743.75,20,4,ASIA_H=7717.50;LON_H=7722.00;PDH=7770.50;ASIA_L=7698.25;LON_L=7709.50;PDL=7710.25;H1_SH=7747.75;H1_SL=7743.50;H4_SH=7768.50;H4_SL=7738.00;POC_PREV=7723.50;HVN_1=7768.50;HVN_2=7774.50;HVN_3=7471.50;HVN_4=7442.50,09:30;09:35;09:40;09:45,0,,,,,,,,,,,,,,,,,,,,,no_sweep
2026-08-20,1,7698.00,20,5,ASIA_H=7746.50;LON_H=7742.50;PDH=7764.75;ASIA_L=7731.50;LON_L=7684.75;PDL=7698.25;H1_SH=7717.00;H1_SL=7631.75;H4_SH=7764.75;H4_SL=7578.00;POC_PREV=7736.50;HVN_1=7736.50;HVN_2=7768.50;HVN_3=7774.50;HVN_4=7471.50;HVN_5=7442.50,,1,09:30,PDL;ASIA_L,PDL,PD,7697.25,7701.75,09:35,bos+ifvg+ote,bos@09:35;ifvg@09:35;ote@09:35,0,7697.25,7716.00,7706.62,eq@09:35;ob@09:35;breaker@09:35,eq,7706.62,7706.62,09:35,09:50,7706.62,filled
2026-08-21,1,7695.75,20,5,ASIA_H=7675.25;LON_H=7701.00;PDH=7746.50;ASIA_L=7661.25;LON_L=7671.00;PDL=7657.75;H1_SH=7717.00;H1_SL=7680.25;H4_SH=7764.75;H4_SL=7657.75;POC_PREV=7698.50;HVN_1=7736.50;HVN_2=7768.50;HVN_3=7774.50;HVN_4=7471.50;HVN_5=7441.50,,0,,,,,,,,,,,,,,,,,,,,,no_sweep
2026-08-24,1,7681.75,20,3,ASIA_H=7703.25;LON_H=7686.50;PDH=7714.00;ASIA_L=7669.00;LON_L=7664.50;PDL=7661.25;H1_SH=7703.00;H1_SL=7681.50;H4_SH=7714.00;H4_SL=7657.75;POC_PREV=7695.50;HVN_1=7736.50;HVN_2=7768.50;HVN_3=7774.50,,1,09:30,ASIA_L;H1_SL,ASIA_L,ASIA,7666.25,7682.50,,,,,,,,,,,,,,,no_confirmation
2026-08-25,1,7695.00,20,3,ASIA_H=7690.75;LON_H=7714.00;PDH=7703.25;ASIA_L=7660.25;LON_L=7680.50;PDL=7655.00;H1_SH=7703.00;H1_SL=7685.75;H4_SH=7714.00;H4_SL=7657.75;POC_PREV=7670.50;HVN_1=7736.50;HVN_2=7768.50;HVN_3=7774.50,,0,,,,,,,,,,,,,,,,,,,,,no_sweep
2026-08-26,1,7678.75,20,4,ASIA_H=7694.00;LON_H=7698.50;PDH=7714.00;ASIA_L=7670.75;LON_L=7680.75;PDL=7660.25;H1_SH=7686.50;H1_SL=7676.75;H4_SH=7686.50;H4_SL=7663.25;POC_PREV=7690.50;HVN_1=7696.50;HVN_2=7736.50;HVN_3=7768.50;HVN_4=7774.50,09:30;09:35,-1,09:40,HVN_1;ASIA_H;POC_PREV;H1_SH;H4_SH,HVN_1,HVN,7698.50,7678.25,09:45,ifvg,ifvg@09:45,0,7686.75,7698.50,7692.62,eq@09:45,eq,7692.62,7692.62,09:45,09:50,7692.62,filled
2026-08-27,1,7716.25,20,5,ASIA_H=7741.25;LON_H=7734.50;PDH=7710.25;ASIA_L=7707.00;LON_L=7713.50;PDL=7670.75;H1_SH=7717.00;H1_SL=7715.50;H4_SH=7741.25;H4_SL=7698.25;POC_PREV=7688.50;HVN_1=7696.50;HVN_2=7736.50;HVN_3=7688.50;HVN_4=7768.50;HVN_5=7774.50,09:30;09:35;09:40;09:45,0,,,,,,,,,,,,,,,,,,,,,no_sweep
2026-08-28,1,7746.25,20,5,ASIA_H=7747.50;LON_H=7751.00;PDH=7755.50;ASIA_L=7727.25;LON_L=7736.25;PDL=7702.75;H1_SH=7746.50;H1_SL=7745.75;H4_SH=7755.50;H4_SL=7745.75;POC_PREV=7737.50;HVN_1=7736.50;HVN_2=7768.50;HVN_3=7774.50;HVN_4=7696.50;HVN_5=7688.50,09:30,-1,09:40,PDH;H4_SH;LON_H;ASIA_H;H1_SH,PDH,PD,7757.50,7742.75,09:50,ifvg,ifvg@09:50;bos@10:05;ote@10:05,1,7745.50,7757.50,7751.50,eq@09:50,eq,7751.50,7751.50,09:50,09:55,7751.50,filled
2026-08-31,1,7701.25,20,6,ASIA_H=7724.00;LON_H=7718.50;PDH=7782.50;ASIA_L=7683.75;LON_L=7694.25;PDL=7711.75;H1_SH=7702.50;H1_SL=7698.25;H4_SH=7714.00;H4_SL=7698.25;POC_PREV=7721.50;HVN_1=7696.50;HVN_2=7688.50;HVN_3=7724.50;HVN_4=7737.50;HVN_5=7751.50;HVN_6=7774.50,09:30,1,09:35,HVN_2;LON_L;HVN_1;H1_SL;H4_SL;PDL,HVN_2,HVN,7685.25,7709.25,,,,,,,,,,,,,,,no_confirmation
2026-09-01,1,7647.00,20,6,ASIA_H=7708.00;LON_H=7705.50;PDH=7724.00;ASIA_L=7690.00;LON_L=7648.50;PDL=7674.75;H1_SH=7647.50;H1_SL=7631.75;H4_SH=7648.75;H4_SL=7578.00;POC_PREV=7685.50;HVN_1=7687.50;HVN_2=7695.50;HVN_3=7724.50;HVN_4=7737.50;HVN_5=7751.50;HVN_6=7774.50,09:30;09:35;09:40;09:45,0,,,,,,,,,,,,,,,,,,,,,no_sweep
2026-09-02,1,7650.50,20,6,ASIA_H=7651.50;LON_H=7658.75;PDH=7708.00;ASIA_L=7631.75;LON_L=7618.50;PDL=7621.50;H1_SH=7651.50;H1_SL=7648.50;H4_SH=7686.50;H4_SL=7621.50;POC_PREV=7644.50;HVN_1=7670.50;HVN_2=7687.50;HVN_3=7724.50;HVN_4=7737.50;HVN_5=7751.50;HVN_6=7768.50,09:30,1,09:35,POC_PREV;H1_SL,POC_PREV,POC,7643.00,7654.50,09:40,ifvg+ote,ifvg@09:40;ote@09:40;bos@09:55,0,7643.00,7654.50,7648.75,eq@09:40,eq,7648.75,7648.75,09:40,09:50,7647.00,filled
2026-09-03,1,7704.00,20,5,ASIA_H=7684.50;LON_H=7694.50;PDH=7691.25;ASIA_L=7661.25;LON_L=7669.25;PDL=7618.50;H1_SH=7704.75;H1_SL=7702.75;H4_SH=7714.00;H4_SL=7702.75;POC_PREV=7678.50;HVN_1=7686.50;HVN_2=7724.50;HVN_3=7737.50;HVN_4=7751.50;HVN_5=7775.50,,-1,09:45,HVN_2;H4_SH;H1_SH;LON_H;PDH;ASIA_H,HVN_2,HVN,7725.50,7694.00,10:00,ifvg,ifvg@10:00,1,7706.50,7725.50,7716.00,eq@10:00;ob@10:00,eq,7716.00,7716.00,10:00,,,no_fill
2026-09-04,1,7742.00,20,5,ASIA_H=7764.50;LON_H=7764.00;PDH=7766.50;ASIA_L=7748.25;LON_L=7748.50;PDL=7661.25;H1_SH=7742.50;H1_SL=7738.00;H4_SH=7755.50;H4_SL=7738.00;POC_PREV=7756.50;HVN_1=7737.50;HVN_2=7754.50;HVN_3=7723.50;HVN_4=7775.50;HVN_5=7686.50,09:30;09:35;09:40;09:45,0,,,,,,,,,,,,,,,,,,,,,no_sweep
2026-09-07,1,7714.50,20,6,ASIA_H=7725.00;LON_H=7728.50;PDH=7764.50;ASIA_L=7709.75;LON_L=7703.50;PDL=7711.75;H1_SH=7717.00;H1_SL=7713.25;H4_SH=7741.25;H4_SL=7711.75;POC_PREV=7719.50;HVN_1=7722.50;HVN_2=7732.50;HVN_3=7736.50;HVN_4=7738.50;HVN_5=7686.50;HVN_6=7751.50,,-1,09:30,H1_SH,H1_SH,H1,7717.25,7703.50,09:35,ifvg,ifvg@09:35,0,7712.25,7717.25,7714.75,eq@09:35,eq,7714.75,7714.75,09:35,09:50,7714.75,filled
2026-09-08,1,7711.25,20,6,ASIA_H=7725.75;LON_H=7718.25;PDH=7728.50;ASIA_L=7694.75;LON_L=7687.50;PDL=7703.50;H1_SH=7714.00;H1_SL=7709.75;H4_SH=7714.00;H4_SL=7702.75;POC_PREV=7719.50;HVN_1=7721.50;HVN_2=7732.50;HVN_3=7686.50;HVN_4=7736.50;HVN_5=7738.50;HVN_6=7751.50,09:30,1,09:45,ASIA_L;H4_SL;PDL;H1_SL,ASIA_L,ASIA,7692.25,7717.75,09:55,ifvg,ifvg@09:55,0,7692.25,7701.25,7696.75,eq@09:55;breaker@09:55,eq,7696.75,7696.75,09:55,10:00,7695.00,filled
2026-09-09,1,7660.50,20,6,ASIA_H=7691.25;LON_H=7691.25;PDH=7725.75;ASIA_L=7672.75;LON_L=7644.50;PDL=7672.25;H1_SH=7673.00;H1_SL=7660.25;H4_SH=7686.50;H4_SL=7657.75;POC_PREV=7696.50;HVN_1=7687.50;HVN_2=7696.50;HVN_3=7721.50;HVN_4=7732.50;HVN_5=7736.50;HVN_6=7738.50,,1,09:30,H4_SL;H1_SL;PDL;ASIA_L,H4_SL,H4,7651.75,7659.25,09:35,ifvg+ote,ifvg@09:35;ote@09:35;bos@09:55,0,7651.75,7663.75,7657.75,eq@09:35;breaker@09:35,eq,7657.75,7657.75,09:35,09:50,7657.75,filled
2026-09-10,1,7598.75,20,6,ASIA_H=7666.25;LON_H=7664.00;PDH=7691.25;ASIA_L=7644.00;LON_L=7623.75;PDL=7628.75;H1_SH=7599.25;H1_SL=7593.50;H4_SH=7599.25;H4_SL=7578.00;POC_PREV=7645.50;HVN_1=7687.50;HVN_2=7696.50;HVN_3=7721.50;HVN_4=7732.50;HVN_5=7736.50;HVN_6=7738.50,09:30;09:35;09:40;09:45,0,,,,,,,,,,,,,,,,,,,,,no_sweep
2026-09-11,1,7665.00,20,6,ASIA_H=7632.25;LON_H=7657.50;PDH=7666.25;ASIA_L=7594.25;LON_L=7623.25;PDL=7585.50;H1_SH=7666.25;H1_SL=7664.25;H4_SH=7666.25;H4_SL=7663.25;POC_PREV=7598.50;HVN_1=7687.50;HVN_2=7696.50;HVN_3=7721.50;HVN_4=7732.50;HVN_5=7736.50;HVN_6=7738.50,09:30,0,,,,,,,,,,,,,,,,,,,,,no_sweep
