session_day,has_0930,close_0925,composite_depth,n_hvn,levels_present,ambiguous_bars,side,sweep_time,swept_levels,swept_level,swept_type,sweep_extreme,pre_sweep_swing,conf_time,conf_types,conf_any,ifvg_fresh_on_conf_bar,range_lo,range_hi,eq,zones_any,zone_used,zone_low,zone_high,zone_time,fill_time,entry,outcome,ambiguous_detail,abstain_only_bars,classes_returned,classes_abstained,wick_also_took,eq_atr,eq_usable_time,eq_wait_bars,eq_fill_open_far_side,cooccur_zones,t1_dir,t1_vol,t1,t2
2026-02-16,1,24764.00,0,0,ASIA_H=24874.00;LON_H=24922.25;ASIA_L=24754.50;LON_L=24841.00;H1_SH=24872.50,,1,09:30,ASIA_L;LON_L,ASIA_L,ASIA,24746.00,24875.75,09:50,ifvg,ifvg@09:50,1,24746.00,24776.50,24761.25,eq@09:50;fvg@09:55,fvg,24731.00,24753.25,09:55,,,no_fill,,,ASIA:ASIA_L,,,22.13,09:50,0,,,,,,
2026-02-17,1,24658.25,1,6,ASIA_H=24842.50;LON_H=24726.75;PDH=24922.25;ASIA_L=24558.25;LON_L=24518.00;PDL=24670.75;H1_SH=24726.75;H1_SL=24558.25;H4_SH=24922.25;POC_PREV=24722.50;HVN_1=24701.50;HVN_2=24714.50;HVN_3=24723.50;HVN_4=24737.50;HVN_5=24749.50;HVN_6=24756.50,,1,09:30,PDL,PDL,PD,24605.75,24671.25,09:35,bos+ifvg+ote,bos@09:35;ifvg@09:35;ote@09:35,1,24605.75,24815.75,24710.75,eq@09:35;ob@09:35,eq,24710.75,24710.75,09:35,09:50,24661.00,filled,,,PD:PDL,,LON_H;H1_SH,43.32,09:35,0,0,ob,PDL=24670.75,HVN_1=24701.50,PDL=24670.75,HVN_1=24701.50
2026-02-18,1,24809.00,2,6,ASIA_H=24847.00;LON_H=24962.50;PDH=24889.75;ASIA_L=24700.75;LON_L=24833.50;PDL=24449.25;H1_SH=24815.75;H1_SL=24802.00;H4_SH=24889.75;H4_SL=24449.25;POC_PREV=24770.50;HVN_1=24838.50;HVN_2=24769.50;HVN_3=24760.50;HVN_4=24753.50;HVN_5=24728.50;HVN_6=24716.50,,1,09:40,H1_SL;LON_L,LON_L,LON,24787.50,24848.25,09:50,bos+ifvg+ote,bos@09:50;ifvg@09:50;ote@09:50,1,24787.50,24894.50,24841.00,eq@09:50;ob@09:50,eq,24841.00,24841.00,09:50,,,no_fill,,09:30;09:35,LON:LON_L,H1,ASIA_H;H1_SH,42.20,09:50,0,,,,,,
2026-02-19,1,24833.75,3,6,ASIA_H=25047.25;LON_H=25054.00;PDH=25128.25;ASIA_L=24916.25;LON_L=24810.50;PDL=24700.75;H1_SH=24842.50;H1_SL=24802.00;H4_SH=24889.75;H4_SL=24449.25;POC_PREV=25089.50;HVN_1=24831.50;HVN_2=24851.50;HVN_3=24815.50;HVN_4=24813.50;HVN_5=24858.50;HVN_6=24860.50,,-1,09:30,H1_SH,H1_SH,H1,24883.50,24828.00,09:35,bos+ote,bos@09:35;ote@09:35,,24763.00,24883.50,24823.25,eq@09:35;ob@09:35;breaker@09:35,breaker,24833.50,24866.00,09:35,09:50,24833.50,filled,,,H1:H1_SH,,ASIA_L,31.55,09:35,0,,,LON_L=24810.50,HVN_1=24831.50,HVN_1=24831.50,HVN_3=24815.50
2026-02-20,1,24715.50,4,6,ASIA_H=24956.00;LON_H=24984.75;PDH=25054.00;ASIA_L=24826.00;LON_L=24791.00;PDL=24749.00;H1_SH=24726.75;H1_SL=24700.75;H4_SH=24889.75;H4_SL=24449.25;POC_PREV=24863.50;HVN_1=24779.50;HVN_2=24797.50;HVN_3=24803.50;HVN_4=24816.50;HVN_5=24835.50;HVN_6=24837.50,,1,09:30,H1_SL;PDL;LON_L;ASIA_L,PDL,PD,24678.50,24784.00,09:35,bos+ifvg+ote,bos@09:35;ifvg@09:35;ote@09:35,1,24678.50,24892.50,24785.50,eq@09:35;ob@09:35,eq,24785.50,24785.50,09:35,,,no_fill,,,LON:LON_L;PD:PDL,H1,H1_SH,41.30,09:35,0,,,,,,
2026-02-23,1,24981.25,5,6,ASIA_H=25059.75;LON_H=25004.00;PDH=25139.50;ASIA_L=24807.25;LON_L=24877.50;PDL=24678.50;H1_SH=24984.75;H1_SL=24940.75;H4_SH=25054.00;H4_SL=24749.00;POC_PREV=25072.50;HVN_1=24945.50;HVN_2=24940.50;HVN_3=25028.50;HVN_4=25031.50;HVN_5=24928.50;HVN_6=24926.50,,-1,09:35,LON_H;H1_SH,LON_H,LON,25030.00,24926.50,09:40,bos+ifvg+ote,bos@09:40;ifvg@09:40;ote@09:40,1,24879.00,25030.00,24954.50,eq@09:40;ob@09:40,eq,24954.50,24954.50,09:40,09:50,24954.50,filled,,,LON:LON_H,,,33.16,09:40,0,1,ob,H1_SL=24940.75,HVN_1=24945.50,HVN_1=24945.50,H1_SL=24940.75
2026-02-24,1,24804.75,6,6,ASIA_H=24888.25;LON_H=24902.25;PDH=25059.75;ASIA_L=24767.00;LON_L=24761.00;PDL=24668.00;H1_SH=24815.75;H1_SL=24802.00;H4_SH=24889.75;H4_SL=24749.00;POC_PREV=24739.50;HVN_1=24805.50;HVN_2=24803.50;HVN_3=24817.50;HVN_4=24779.50;HVN_5=24835.50;HVN_6=24759.50,,1,09:35,H4_SL;LON_L;ASIA_L;H1_SL,H4_SL,H4,24694.50,24892.00,09:40,bos+ifvg+ote,bos@09:40;ifvg@09:40;ote@09:40,1,24694.50,24913.00,24803.75,eq@09:40,eq,24803.75,24803.75,09:40,,,no_fill,,09:30,ASIA:ASIA_L;LON:LON_L;H1:H1_SL;H4:H4_SL,,,39.64,09:40,0,,,,,,
2026-02-25,1,25160.50,7,6,ASIA_H=25114.50;LON_H=25153.00;PDH=25078.75;ASIA_L=24992.00;LON_L=25036.50;PDL=24694.50;H1_SL=25017.50;H4_SL=24807.25;POC_PREV=25022.50;HVN_1=25057.50;HVN_2=25055.50;HVN_3=25053.50;HVN_4=25051.50;HVN_5=25023.50;HVN_6=25017.50,,0,,,,,,,,,,,,,,,,,,,,,no_sweep,,,,,,,,,,,,,,
2026-02-26,1,25341.25,8,6,ASIA_H=25418.25;LON_H=25401.50;PDH=25494.75;ASIA_L=25264.75;LON_L=25343.25;PDL=24992.00;H1_SH=25361.75;H1_SL=25283.25;H4_SH=25494.75;H4_SL=24807.25;POC_PREV=25372.50;HVN_1=25069.50;HVN_2=25057.50;HVN_3=25055.50;HVN_4=25053.50;HVN_5=25051.50;HVN_6=25037.50,,1,09:30,ASIA_L;H1_SL;LON_L,ASIA_L,ASIA,25256.00,25415.25,,,,,,,,,,,,,,,no_confirmation,,,ASIA:ASIA_L,,,,,,,,,,,
2026-02-27,1,24814.25,9,6,ASIA_H=25079.00;LON_H=25098.75;PDH=25418.25;ASIA_L=24954.75;LON_L=24874.00;PDL=24861.75;H1_SH=24815.75;H1_SL=24808.00;H4_SH=24889.75;H4_SL=24807.25;POC_PREV=25066.50;HVN_1=24818.50;HVN_2=24803.50;HVN_3=24794.50;HVN_4=24836.50;HVN_5=24779.50;HVN_6=24863.50,,1,09:30,H4_SL;H1_SL;PDL;LON_L;ASIA_L,PDL,PD,24805.00,24879.25,09:35,bos+ifvg+ote,bos@09:35;ifvg@09:35;ote@09:35,1,24805.00,24909.00,24857.00,eq@09:35;ob@09:35,eq,24857.00,24857.00,09:35,09:55,24857.00,filled,,,LON:LON_L;PD:PDL,H1;H4,H4_SH;H1_SH,37.47,09:35,0,1,ob,PDL=24861.75,HVN_6=24863.50,PDL=24861.75,HVN_6=24863.50
2026-03-02,1,24644.75,10,6,ASIA_H=24901.25;LON_H=24739.25;PDH=25098.75;ASIA_L=24528.00;LON_L=24477.00;PDL=24782.00;H1_SH=24726.75;H1_SL=24635.50;H4_SH=24889.75;H4_SL=24449.25;POC_PREV=24978.50;HVN_1=24742.50;HVN_2=24744.50;HVN_3=24757.50;HVN_4=24759.50;HVN_5=24779.50;HVN_6=24819.50,,1,09:30,H1_SL;PDL,PDL,PD,24605.00,24739.25,09:35,bos+ote,bos@09:35;ote@09:35;ifvg@09:45,,24605.00,24885.00,24745.00,eq@09:35;ob@09:35;breaker@09:35,eq,24745.00,24745.00,09:35,,,no_fill,,,PD:PDL,H1,LON_H;H1_SH,48.79,09:35,0,,,,,,
2026-03-03,1,24535.00,11,6,ASIA_H=25011.00;LON_H=24694.50;PDH=25101.00;ASIA_L=24668.50;LON_L=24370.00;PDL=24477.00;H1_SH=24726.75;H1_SL=24477.00;H4_SH=24889.75;H4_SL=24477.00;POC_PREV=25019.50;HVN_1=24744.50;HVN_2=24753.50;HVN_3=24759.50;HVN_4=24779.50;HVN_5=24819.50;HVN_6=24835.50,,0,,,,,,,,,,,,,,,,,,,,,no_sweep,,,,,,,,,,,,,,
2026-03-04,1,24853.00,12,6,ASIA_H=24803.50;LON_H=24930.25;PDH=25011.00;ASIA_L=24499.00;LON_L=24611.50;PDL=24352.00;H1_SH=24872.50;H1_SL=24842.50;H4_SH=24889.75;H4_SL=24807.25;POC_PREV=24757.50;HVN_1=24863.50;HVN_2=24835.50;HVN_3=24819.50;HVN_4=24809.50;HVN_5=24896.50;HVN_6=24903.50,,-1,09:35,LON_H;H4_SH;H1_SH;ASIA_H,LON_H,LON,24970.25,24866.00,09:40,bos+ote,bos@09:40;ote@09:40,,24840.75,24970.25,24905.50,eq@09:40,eq,24905.50,24905.50,09:40,09:50,24905.50,filled,,09:30,LON:LON_H;H4:H4_SH,,,44.86,09:40,0,1,,H4_SH=24889.75,HVN_6=24903.50,HVN_6=24903.50,HVN_5=24896.50
2026-03-05,1,24987.25,13,6,ASIA_H=25250.00;LON_H=25205.75;PDH=25217.75;ASIA_L=24981.00;LON_L=24973.25;PDL=24499.00;H1_SH=25004.00;H1_SL=24973.25;H4_SH=25040.00;H4_SL=24861.75;POC_PREV=25147.50;HVN_1=24989.50;HVN_2=24980.50;HVN_3=24998.50;HVN_4=24968.50;HVN_5=25007.50;HVN_6=25017.50,,0,,,,,,,,,,,,,,,,,,,,,no_sweep,,,,,,,,,,,,,,
2026-03-06,1,24685.75,14,6,ASIA_H=25141.50;LON_H=25128.50;PDH=25250.00;ASIA_L=25001.00;LON_L=24805.50;PDL=24772.50;H1_SH=24726.75;H1_SL=24678.75;H4_SH=24850.00;H4_SL=24678.50;POC_PREV=25028.50;HVN_1=24745.50;HVN_2=24757.50;HVN_3=24770.50;HVN_4=24779.50;HVN_5=24810.50;HVN_6=24819.50,,1,09:30,H4_SL;H1_SL;PDL;LON_L;ASIA_L,H4_SL,H4,24653.50,24908.75,10:00,ifvg,ifvg@10:00,1,24653.50,24777.25,24715.38,eq@10:00;ob@10:00,eq,24715.38,24715.38,10:00,10:05,24715.38,filled,,,H4:H4_SL,H1,H1_SH,59.32,10:00,0,1,ob,H1_SH=24726.75,HVN_1=24745.50,H1_SH=24726.75,HVN_1=24745.50
2026-03-09,1,24432.75,15,6,ASIA_H=24473.00;LON_H=24495.75;PDH=25141.50;ASIA_L=24000.00;LON_L=24210.00;PDL=24601.00;H1_SH=24495.75;H1_SL=24370.00;H4_SH=24850.00;H4_SL=24352.00;POC_PREV=24822.50;HVN_1=24745.50;HVN_2=24759.50;HVN_3=24779.50;HVN_4=24838.50;HVN_5=24852.50;HVN_6=24863.50,,-1,09:30,LON_H;H1_SH;ASIA_H,LON_H,LON,24525.25,24350.00,09:35,ifvg,ifvg@09:35;ote@09:40;bos@09:50,1,24392.25,24525.25,24458.75,eq@09:35,eq,24458.75,24458.75,09:35,10:00,24458.75,filled,,,LON:LON_H;H1:H1_SH,,PDL,43.09,09:35,0,1,,H1_SL=24370.00,,H1_SL=24370.00,H4_SL=24352.00
2026-03-10,1,24990.75,16,6,ASIA_H=24999.00;LON_H=25150.50;PDH=25058.00;ASIA_L=24830.00;LON_L=24900.50;PDL=24000.00;H1_SH=24999.00;H1_SL=24988.50;H4_SH=25040.00;H4_SL=24861.75;POC_PREV=24407.50;HVN_1=24996.50;HVN_2=24980.50;HVN_3=25008.50;HVN_4=24968.50;HVN_5=25022.50;HVN_6=24945.50,,-1,09:30,PDH;H4_SH;ASIA_H;H1_SH,PDH,PD,25081.75,24958.75,09:55,ifvg+ote,ifvg@09:55;ote@09:55;bos@10:05,1,24947.25,25081.75,25014.50,eq@09:55,eq,25014.50,25014.50,09:55,,,no_fill,,,PD:PDH;H4:H4_SH,,,41.78,09:55,0,,,,,,
2026-03-11,1,25034.50,17,6,ASIA_H=25125.00;LON_H=25047.25;PDH=25217.50;ASIA_L=24951.50;LON_L=24895.75;PDL=24830.00;H1_SH=25036.75;H1_SL=25025.25;H4_SH=25040.00;H4_SL=24861.75;POC_PREV=25146.50;HVN_1=25026.50;HVN_2=25022.50;HVN_3=25051.50;HVN_4=25060.50;HVN_5=25007.50;HVN_6=25066.50,,0,,,,,,,,,,,,,,,,,,,,,no_sweep,,,,,,,,,,,,,,
2026-03-12,1,24775.75,18,6,ASIA_H=24949.25;LON_H=24928.00;PDH=25180.00;ASIA_L=24695.50;LON_L=24807.75;PDL=24873.50;H1_SH=24803.50;H1_SL=24772.50;H4_SH=24850.00;H4_SL=24772.50;POC_PREV=24957.50;HVN_1=24779.50;HVN_2=24759.50;HVN_3=24745.50;HVN_4=24838.50;HVN_5=24852.50;HVN_6=24863.50,,1,09:30,H1_SL;H4_SL;LON_L;PDL,H4_SL,H4,24742.25,24852.75,,,,,,,,,,,,,,,no_confirmation,,,LON:LON_L;H4:H4_SL,H1,H1_SH,,,,,,,,,
2026-03-13,1,24645.50,19,6,ASIA_H=24662.25;LON_H=24676.50;PDH=24949.25;ASIA_L=24476.50;LON_L=24397.00;PDL=24517.75;H1_SH=24662.25;H1_SL=24635.50;H4_SH=24850.00;H4_SL=24499.00;POC_PREV=24616.50;HVN_1=24679.50;HVN_2=24687.50;HVN_3=24696.50;HVN_4=24735.50;HVN_5=24745.50;HVN_6=24759.50,,-1,09:30,LON_H;ASIA_H;H1_SH,LON_H,LON,24701.25,24642.75,10:05,ifvg,ifvg@10:05,1,24611.00,24701.25,24656.12,eq@10:05;breaker@10:05,eq,24656.12,24656.12,10:05,,,no_fill,,,ASIA:ASIA_H;LON:LON_H;H1:H1_SH,,,47.17,10:05,0,,,,,,
2026-03-16,1,24655.75,20,6,ASIA_H=24566.00;LON_H=24679.25;PDH=24805.25;ASIA_L=24278.00;LON_L=24478.00;PDL=24333.75;H1_SH=24662.25;H1_SL=24635.50;H4_SH=24805.25;H4_SL=24499.00;POC_PREV=24429.50;HVN_1=24656.50;HVN_2=24654.50;HVN_3=24660.50;HVN_4=24646.50;HVN_5=24670.50;HVN_6=24679.50,,-1,09:40,LON_H;H1_SH;ASIA_H,LON_H,LON,24694.50,24623.00,,,,,,,,,,,,,,,no_confirmation,,09:30,LON:LON_H,,,,,,,,,,,
2026-03-17,1,25000.50,20,6,ASIA_H=24882.00;LON_H=24915.75;PDH=24816.25;ASIA_L=24728.25;LON_L=24737.50;PDL=24278.00;H1_SH=25004.00;H1_SL=24994.00;H4_SH=25040.00;H4_SL=24861.75;POC_PREV=24677.50;HVN_1=24996.50;HVN_2=25005.50;HVN_3=24983.50;HVN_4=25020.50;HVN_5=24968.50;HVN_6=24961.50,,0,,,,,,,,,,,,,,,,,,,,,no_sweep,,09:30,,,,,,,,,,,,
2026-03-18,1,24928.50,20,6,ASIA_H=25210.50;LON_H=25198.25;PDH=25117.00;ASIA_L=24990.75;LON_L=24999.00;PDL=24728.25;H1_SH=24936.00;H1_SL=24916.25;H4_SH=25040.00;H4_SL=24861.75;POC_PREV=25006.50;HVN_1=24932.50;HVN_2=24936.50;HVN_3=24918.50;HVN_4=24910.50;HVN_5=24947.50;HVN_6=24907.50,,0,,,,,,,,,,,,,,,,,,,,,no_sweep,,09:30,,,,,,,,,,,,
2026-03-19,1,24428.75,20,6,ASIA_H=24725.25;LON_H=24650.25;PDH=25210.50;ASIA_L=24562.25;LON_L=24458.25;PDL=24565.50;H1_SH=24495.75;H1_SL=24397.00;H4_SH=24805.25;H4_SL=24352.00;POC_PREV=24894.50;HVN_1=24678.50;HVN_2=24686.50;HVN_3=24836.50;HVN_4=24838.50;HVN_5=24862.50;HVN_6=24875.50,,1,09:30,H4_SL;H1_SL;LON_L;ASIA_L;PDL,H4_SL,H4,24329.50,24508.50,09:40,ifvg,ifvg@09:40;bos@09:50;ote@09:50,1,24329.50,24452.75,24391.12,eq@09:40,eq,24391.12,24391.12,09:40,,,no_fill,,,H4:H4_SL,,,48.77,09:40,0,,,,,,
2026-03-20,1,24488.25,20,6,ASIA_H=24660.50;LON_H=24616.25;PDH=24725.25;ASIA_L=24518.50;LON_L=24319.00;PDL=24326.75;H1_SH=24495.75;H1_SL=24478.00;H4_SH=24691.50;H4_SL=24477.00;POC_PREV=24455.50;HVN_1=24655.50;HVN_2=24660.50;HVN_3=24678.50;HVN_4=24686.50;HVN_5=24823.50;HVN_6=24826.50,,0,,,,,,,,,,,,,,,,,,,,,no_sweep,,,,,,,,,,,,,,
2026-03-23,1,24492.75,20,6,ASIA_H=24095.00;LON_H=24763.00;PDH=24660.50;ASIA_L=23827.00;LON_L=23772.50;PDL=23971.25;H1_SH=24495.75;H1_SL=24491.25;H4_SH=24691.50;H4_SL=24477.00;POC_PREV=24280.50;HVN_1=24644.50;HVN_2=24655.50;HVN_3=24660.50;HVN_4=24678.50;HVN_5=24686.50;HVN_6=24823.50,,1,09:30,H4_SL;H1_SL,H4_SL,H4,24432.50,24648.00,09:35,ifvg,ifvg@09:35,1,24432.50,24544.75,24488.62,eq@09:35,eq,24488.62,24488.62,09:35,,,no_fill,,,H4:H4_SL,H1,H1_SH;ASIA_H,74.90,09:35,0,,,,,,
2026-03-24,1,24254.50,20,6,ASIA_H=24489.75;LON_H=24507.25;PDH=24763.00;ASIA_L=24193.50;LON_L=24297.50;PDL=23772.50;H1_SH=24356.75;H1_SL=24231.25;H4_SH=24691.50;H4_SL=24000.00;POC_PREV=24484.50;HVN_1=24618.50;HVN_2=24644.50;HVN_3=24654.50;HVN_4=24671.50;HVN_5=24673.50;HVN_6=24675.50,,1,09:30,H1_SL;LON_L,H1_SL,H1,24227.00,24307.50,10:00,ifvg,ifvg@10:00,1,24227.00,24317.50,24272.25,fvg@10:00;eq@10:00;ob@10:00,fvg,24191.25,24200.25,10:00,,,no_fill,,,LON:LON_L;H1:H1_SL,,,51.81,10:00,0,,,,,,
2026-03-25,1,24430.00,20,6,ASIA_H=24494.00;LON_H=24539.75;PDH=24550.00;ASIA_L=24320.50;LON_L=24352.00;PDL=24134.00;H1_SH=24494.00;H1_SL=24397.00;H4_SH=24507.25;H4_SL=24352.00;POC_PREV=24287.50;HVN_1=24429.50;HVN_2=24427.50;HVN_3=24440.50;HVN_4=24448.50;HVN_5=24450.50;HVN_6=24464.50,,-1,09:35,H4_SH;ASIA_H;H1_SH,H4_SH,H4,24526.00,24425.00,09:45,bos+ifvg+ote,bos@09:45;ifvg@09:45;ote@09:45,1,24414.75,24526.00,24470.38,eq@09:45,eq,24470.38,24470.38,09:45,,,no_fill,,,ASIA:ASIA_H;H1:H1_SH;H4:H4_SH,,,41.88,09:45,0,,,,,,
2026-03-26,1,24156.25,20,6,ASIA_H=24421.25;LON_H=24298.00;PDH=24539.75;ASIA_L=24232.00;LON_L=24078.00;PDL=24286.50;H1_SH=24356.75;H1_SL=24134.00;H4_SH=24507.25;H4_SL=24134.00;POC_PREV=24427.50;HVN_1=24388.50;HVN_2=24418.50;HVN_3=24428.50;HVN_4=24439.50;HVN_5=24448.50;HVN_6=24484.50,,1,09:40,LON_L;H1_SL;H4_SL;ASIA_L;PDL,LON_L,LON,24066.25,24159.75,09:45,bos+ifvg+ote,bos@09:45;ifvg@09:45;ote@09:45,1,24066.25,24195.00,24130.62,eq@09:45;ob@09:45,eq,24130.62,24130.62,09:45,,,no_fill,,,LON:LON_L;H1:H1_SL;H4:H4_SL,,,35.86,09:45,0,,,,,,
2026-03-27,1,23654.25,20,6,ASIA_H=23976.00;LON_H=23906.75;PDH=24421.25;ASIA_L=23806.00;LON_L=23608.25;PDL=23763.25;H1_SH=23908.75;H4_SH=24507.25;POC_PREV=24094.50;HVN_1=24388.50;HVN_2=24390.50;HVN_3=24418.50;HVN_4=24428.50;HVN_5=24439.50;HVN_6=24448.50,,1,09:45,LON_L;PDL;ASIA_L,LON_L,LON,23588.75,23664.00,,,,,,,,,,,,,,,no_confirmation,,,LON:LON_L,,,,,,,,,,,
2026-03-30,1,23509.75,20,6,ASIA_H=23416.00;LON_H=23574.00;PDH=23976.00;ASIA_L=23093.00;LON_L=23360.00;PDL=23232.50;H1_SH=23908.75;H1_SL=23440.00;H4_SH=24507.25;H4_SL=23093.00;POC_PREV=23506.50;HVN_1=24388.50;HVN_2=24390.50;HVN_3=24418.50;HVN_4=24428.50;HVN_5=24439.50;HVN_6=24448.50,,-1,09:40,ASIA_H,ASIA_H,ASIA,23424.25,23482.25,09:45,bos+ote,bos@09:45;ote@09:45;ifvg@09:50,,23352.75,23424.25,23388.50,eq@09:45;ob@09:45,eq,23388.50,23388.50,09:45,,,no_fill,,,ASIA:ASIA_H,,H1_SL,31.80,09:45,0,,,,,,
2026-03-31,1,23380.75,20,6,ASIA_H=23405.00;LON_H=23428.00;PDH=23574.00;ASIA_L=22961.50;LON_L=23238.25;PDL=23024.50;H1_SH=23390.25;H1_SL=23373.25;H4_SH=23574.00;H4_SL=23093.00;POC_PREV=23333.50;HVN_1=24280.50;HVN_2=24287.50;HVN_3=24388.50;HVN_4=24390.50;HVN_5=24418.50;HVN_6=24428.50,,-1,09:40,LON_H;ASIA_H;H1_SH,LON_H,LON,23468.25,23374.50,,,,,,,,,,,,,,,no_confirmation,,,LON:LON_H,,,,,,,,,,,
2026-04-01,1,24088.25,20,6,ASIA_H=24176.75;LON_H=24205.00;PDH=23975.25;ASIA_L=23880.00;LON_L=24003.50;PDL=22961.50;H1_SH=24181.25;H1_SL=24003.50;H4_SH=24507.25;H4_SL=24000.00;POC_PREV=23814.50;HVN_1=24280.50;HVN_2=24287.50;HVN_3=24388.50;HVN_4=24390.50;HVN_5=24418.50;HVN_6=24428.50,,-1,09:40,H1_SH;ASIA_H;PDH,H1_SH,H1,24187.00,24043.25,,,,,,,,,,,,,,,no_confirmation,,,ASIA:ASIA_H;H1:H1_SH,,,,,,,,,,,
2026-04-02,1,23762.75,20,6,ASIA_H=24245.75;LON_H=23882.00;PDH=24348.25;ASIA_L=23752.50;LON_L=23666.00;PDL=23880.00;H1_SH=23882.00;H1_SL=23752.50;H4_SH=24348.25;H4_SL=23093.00;POC_PREV=24161.50;HVN_1=24191.50;HVN_2=24202.50;HVN_3=24267.50;HVN_4=24270.50;HVN_5=24280.50;HVN_6=24286.50,,1,09:45,ASIA_L;H1_SL;PDL,ASIA_L,ASIA,23695.25,23818.75,09:50,bos+ifvg+ote,bos@09:50;ifvg@09:50;ote@09:50,1,23695.25,23863.25,23779.25,eq@09:50,eq,23779.25,23779.25,09:50,,,no_fill,,,ASIA:ASIA_L;H1:H1_SL,,,44.44,09:50,0,,,,,,
2026-04-06,1,24265.00,20,6,ASIA_H=24326.75;LON_H=24398.25;PDH=24255.00;ASIA_L=23981.50;LON_L=24207.25;PDL=24106.00;H1_SH=24266.75;H1_SL=24262.50;H4_SH=24266.75;H4_SL=24134.00;POC_PREV=24152.50;HVN_1=24267.50;HVN_2=24270.50;HVN_3=24280.50;HVN_4=24286.50;HVN_5=24297.50;HVN_6=24226.50,,-1,09:35,ASIA_H;H1_SH;H4_SH;PDH,ASIA_H,ASIA,24373.75,24272.00,10:00,ifvg+ote,ifvg@10:00;ote@10:00,1,24245.75,24373.75,24309.75,eq@10:00;fvg@10:05,fvg,24319.25,24361.75,10:05,,,no_fill,,,ASIA:ASIA_H,H1,H1_SL,50.10,10:00,0,,,,,,
2026-04-07,1,24243.50,20,6,ASIA_H=24384.00;LON_H=24422.00;PDH=24452.25;ASIA_L=24153.00;LON_L=24133.00;PDL=23981.50;H1_SH=24245.25;H1_SL=24231.25;H4_SH=24266.75;H4_SL=24134.00;POC_PREV=24343.50;HVN_1=24240.50;HVN_2=24226.50;HVN_3=24267.50;HVN_4=24210.50;HVN_5=24280.50;HVN_6=24202.50,,-1,09:30,H4_SH;H1_SH,H4_SH,H4,24308.00,24196.25,09:35,ote,ote@09:35;bos@09:45,,24198.00,24308.00,24253.00,eq@09:35,eq,24253.00,24253.00,09:35,,,no_fill,,,H4:H4_SH,H1,H1_SL,41.48,09:35,0,,,,,,
2026-04-08,1,25199.50,20,6,ASIA_H=25202.00;LON_H=25257.00;PDH=24451.50;ASIA_L=24355.00;LON_L=25134.25;PDL=23941.50;H1_SH=25205.75;H1_SL=25153.50;H4_SH=25209.75;H4_SL=24861.75;POC_PREV=24210.50;HVN_1=25005.50;HVN_2=24676.50;HVN_3=24660.50;HVN_4=24654.50;HVN_5=24644.50;HVN_6=24632.50,09:30,1,09:45,LON_L;H1_SL,LON_L,LON,25097.25,25249.75,,,,,,,,,,,,,,,no_confirmation,09:30[ASIA:S;LON:L;H4:S;H1:abstain],,LON:LON_L;H1:H1_SL,,PDH,,,,,,,,,
2026-04-09,1,25080.50,20,6,ASIA_H=25065.00;LON_H=25050.75;PDH=25257.00;ASIA_L=24980.50;LON_L=24953.00;PDL=24355.00;H1_SH=25098.75;H1_SL=25025.25;H4_SH=25098.75;H4_SL=24926.50;POC_PREV=25087.50;HVN_1=25006.50;HVN_2=24676.50;HVN_3=24660.50;HVN_4=24654.50;HVN_5=24644.50;HVN_6=24632.50,,-1,09:30,H1_SH;H4_SH;ASIA_H;LON_H,H4_SH,H4,25103.50,25021.50,09:50,bos+ote,bos@09:50;ote@09:50;ifvg@10:05,,25014.75,25103.50,25059.12,eq@09:50,eq,25059.12,25059.12,09:50,,,no_fill,,,ASIA:ASIA_H;LON:LON_H;H4:H4_SH,H1,H1_SL,32.66,09:50,0,,,,,,
2026-04-10,1,25315.25,20,6,ASIA_H=25303.75;LON_H=25386.00;PDH=25269.75;ASIA_L=25193.00;LON_L=25202.75;PDL=24953.00;H1_SH=25323.50;H1_SL=25283.25;H4_SH=25415.25;H4_SL=24953.00;POC_PREV=25032.50;HVN_1=25086.50;HVN_2=25079.50;HVN_3=25053.50;HVN_4=25032.50;HVN_5=25024.50;HVN_6=25007.50,,-1,09:35,H1_SH;ASIA_H;PDH,H1_SH,H1,25357.50,25292.00,10:00,bos+ote,bos@10:00;ote@10:00;ifvg@10:05,,25284.25,25357.50,25320.88,eq@10:00,eq,25320.88,25320.88,10:00,,,no_fill,,,H1:H1_SH,,,29.61,10:00,0,,,,,,
2026-04-13,1,25215.25,20,6,ASIA_H=25119.00;LON_H=25194.75;PDH=25393.00;ASIA_L=24904.50;LON_L=25073.50;PDL=25193.00;H1_SH=25217.50;H1_SL=25202.75;H4_SH=25217.50;H4_SL=24953.00;POC_PREV=25273.50;HVN_1=25086.50;HVN_2=25079.50;HVN_3=25053.50;HVN_4=25032.50;HVN_5=25024.50;HVN_6=25007.50,09:35,-1,09:40,LON_H;ASIA_H,LON_H,LON,25214.75,25156.50,,,,,,,,,,,,,,,no_confirmation,09:35[PD:L;H4:S;H1:abstain],09:30,LON:LON_H,,PDL;H1_SL,,,,,,,,,
2026-04-14,1,25656.50,20,6,ASIA_H=25619.25;LON_H=25701.00;PDH=25599.25;ASIA_L=25560.00;LON_L=25581.50;PDL=24904.50;H1_SL=25564.50;H4_SL=24953.00;POC_PREV=25308.50;HVN_1=25087.50;HVN_2=25079.50;HVN_3=25066.50;HVN_4=25060.50;HVN_5=25054.50;HVN_6=25032.50,,0,,,,,,,,,,,,,,,,,,,,,no_sweep,,,,,,,,,,,,,,
2026-04-15,1,26023.75,20,6,ASIA_H=26058.00;LON_H=26048.00;PDH=26003.25;ASIA_L=25966.00;LON_L=25933.75;PDL=25560.00;H1_SH=26042.50;H1_SL=25990.00;H4_SL=24953.00;POC_PREV=25917.50;HVN_1=25033.50;HVN_2=24491.50;HVN_3=24485.50;HVN_4=24471.50;HVN_5=24468.50;HVN_6=24448.50,,-1,09:40,ASIA_H;LON_H;H1_SH;PDH,ASIA_H,ASIA,26059.75,25979.00,,,,,,,,,,,,,,,no_confirmation,,,ASIA:ASIA_H;LON:LON_H;PD:PDH,H1,H1_SL,,,,,,,,,
2026-04-16,1,26439.75,20,6,ASIA_H=26486.00;LON_H=26488.00;PDH=26377.50;ASIA_L=26345.00;LON_L=26364.50;PDL=25933.75;H1_SH=26465.25;H1_SL=26416.50;H4_SL=25933.75;POC_PREV=25996.50;HVN_1=25033.50;HVN_2=24491.50;HVN_3=24485.50;HVN_4=24471.50;HVN_5=24468.50;HVN_6=24448.50,,-1,09:35,PDH,PDH,PD,26408.75,26392.75,09:40,ote,ote@09:40;bos@09:45,,26345.25,26408.75,26377.00,eq@09:40;ob@09:40;breaker@09:40,eq,26377.00,26377.00,09:40,09:50,26383.25,filled,,,PD:PDH,,LON_L;H1_SL,28.64,09:40,0,0,ob+breaker,PDH=26377.50,POC_PREV=25996.50,PDH=26377.50,LON_L=26364.50
2026-04-17,1,26692.25,20,6,ASIA_H=26497.75;LON_H=26625.00;PDH=26564.00;ASIA_L=26440.00;LON_L=26457.00;PDL=26275.50;H1_SL=26440.00;H4_SL=26275.50;POC_PREV=26478.50;HVN_1=25033.50;HVN_2=24448.50;HVN_3=24440.50;HVN_4=24435.50;HVN_5=24432.50;HVN_6=24427.50,,0,,,,,,,,,,,,,,,,,,,,,no_sweep,,,,,,,,,,,,,,
2026-04-20,1,26796.25,20,6,ASIA_H=26714.75;LON_H=26732.50;PDH=26884.75;ASIA_L=26535.00;LON_L=26619.00;PDL=26440.00;H1_SH=26845.00;H1_SL=26735.50;H4_SH=26884.75;H4_SL=26535.00;POC_PREV=26828.50;HVN_1=25247.50;HVN_2=25033.50;HVN_3=24427.50;HVN_4=24416.50;HVN_5=24407.50;HVN_6=24388.50,,1,09:35,H1_SL,H1_SL,H1,26734.75,26803.00,,,,,,,,,,,,,,,no_confirmation,,,H1:H1_SL,,LON_H;ASIA_H,,,,,,,,,
2026-04-21,1,26808.75,20,6,ASIA_H=26857.25;LON_H=26901.75;PDH=26827.75;ASIA_L=26756.50;LON_L=26797.25;PDL=26535.00;H1_SH=26827.75;H1_SL=26797.25;H4_SH=26827.75;H4_SL=26568.75;POC_PREV=26720.50;HVN_1=25247.50;HVN_2=25033.50;HVN_3=24367.50;HVN_4=24364.50;HVN_5=24353.50;HVN_6=24343.50,,1,09:30,ASIA_L;LON_L;H1_SL,ASIA_L,ASIA,26737.75,26872.75,09:55,ifvg,ifvg@09:55;ote@10:05,1,26737.75,26839.00,26788.38,eq@09:55,eq,26788.38,26788.38,09:55,,,no_fill,,,ASIA:ASIA_L,,,29.90,09:55,0,,,,,,
2026-04-22,1,26881.25,20,6,ASIA_H=26856.75;LON_H=26900.50;PDH=26901.75;ASIA_L=26727.75;LON_L=26779.75;PDL=26551.75;H1_SH=26884.75;H1_SL=26797.25;H4_SH=26884.75;H4_SL=26568.75;POC_PREV=26738.50;HVN_1=26834.50;HVN_2=26826.50;HVN_3=26801.50;HVN_4=26795.50;HVN_5=26780.50;HVN_6=26764.50,,-1,09:30,H1_SH;H4_SH;ASIA_H,H1_SH,H1,26892.75,26817.00,,,,,,,,,,,,,,,no_confirmation,,,ASIA:ASIA_H;H1:H1_SH;H4:H4_SH,,,,,,,,,,,
2026-04-23,1,27014.75,20,6,ASIA_H=27099.75;LON_H=27079.75;PDH=27136.00;ASIA_L=26848.00;LON_L=26890.00;PDL=26727.75;H1_SH=27136.00;H1_SL=26890.00;H4_SH=27136.00;H4_SL=26848.00;POC_PREV=26981.50;HVN_1=26826.50;HVN_2=26796.50;HVN_3=26780.50;HVN_4=26764.50;HVN_5=26744.50;HVN_6=26738.50,,-1,09:45,ASIA_H;LON_H,ASIA_H,ASIA,27102.75,26965.00,09:55,ifvg,ifvg@09:55,1,27014.50,27102.75,27058.62,eq@09:55,eq,27058.62,27058.62,09:55,,,no_fill,,,ASIA:ASIA_H,,,32.93,09:55,0,,,,,,
2026-04-24,1,27209.75,20,6,ASIA_H=27135.75;LON_H=27363.75;PDH=27155.75;ASIA_L=26992.00;LON_L=27064.50;PDL=26681.75;H1_SL=27064.50;H4_SL=26848.00;POC_PREV=26924.50;HVN_1=26995.50;HVN_2=26982.50;HVN_3=26870.50;HVN_4=26864.50;HVN_5=26826.50;HVN_6=26796.50,,0,,,,,,,,,,,,,,,,,,,,,no_sweep,,,,,,,,,,,,,,
2026-04-27,1,27410.25,20,6,ASIA_H=27542.50;LON_H=27500.25;PDH=27462.50;ASIA_L=27344.25;LON_L=27388.00;PDL=26992.00;H1_SH=27462.50;H1_SL=27388.00;H4_SL=26848.00;POC_PREV=27410.50;HVN_1=26995.50;HVN_2=26982.50;HVN_3=26870.50;HVN_4=26864.50;HVN_5=26826.50;HVN_6=26796.50,,1,09:35,LON_L;H1_SL,LON_L,LON,27353.50,27437.25,,,,,,,,,,,,,,,no_confirmation,,,LON:LON_L;H1:H1_SL,,,,,,,,,,,
2026-04-28,1,27160.75,20,6,ASIA_H=27512.00;LON_H=27360.00;PDH=27542.50;ASIA_L=27322.00;LON_L=27042.00;PDL=27298.50;H1_SH=27363.75;H1_SL=27130.25;H4_SH=27512.00;H4_SL=26848.00;POC_PREV=27427.50;HVN_1=26995.50;HVN_2=26982.50;HVN_3=27386.50;HVN_4=27398.50;HVN_5=27411.50;HVN_6=27418.50,,1,09:30,H1_SL;PDL;ASIA_L,H1_SL,H1,27068.25,27166.00,09:35,bos+ote,bos@09:35;ote@09:35;ifvg@09:40,,27068.25,27187.25,27127.75,eq@09:35,eq,27127.75,27127.75,09:35,,,no_fill,,,H1:H1_SL,,,35.46,09:35,0,,,,,,
2026-04-29,1,27207.25,20,6,ASIA_H=27317.25;LON_H=27288.50;PDH=27512.00;ASIA_L=27191.75;LON_L=27198.00;PDL=27009.50;H1_SH=27288.50;H1_SL=27198.00;H4_SH=27512.00;H4_SL=27009.50;POC_PREV=27178.50;HVN_1=27177.50;HVN_2=27096.50;HVN_3=27084.50;HVN_4=27076.50;HVN_5=27063.50;HVN_6=27042.50,,0,,,,,,,,,,,,,,,,,,,,,no_sweep,,,,,,,,,,,,,,
2026-04-30,1,27492.25,20,6,ASIA_H=27622.75;LON_H=27541.00;PDH=27414.00;ASIA_L=27185.25;LON_L=27269.75;PDL=27094.00;H1_SH=27500.25;H1_SL=27388.00;H4_SH=27512.00;H4_SL=27298.50;POC_PREV=27220.50;HVN_1=27432.50;HVN_2=27418.50;HVN_3=27411.50;HVN_4=27398.50;HVN_5=27386.50;HVN_6=27374.50,,-1,09:30,PDH,PDH,PD,27491.50,27497.50,09:35,bos+ifvg+ote,bos@09:35;ifvg@09:35;ote@09:35,1,27294.00,27491.50,27392.75,eq@09:35;ob@09:35,eq,27392.75,27392.75,09:35,,,no_fill,,,PD:PDH,,H1_SL,37.79,09:35,0,,,,,,
2026-05-01,1,27632.50,20,6,ASIA_H=27674.50;LON_H=27625.75;PDH=27622.75;ASIA_L=27556.25;LON_L=27536.25;PDL=27163.25;H1_SH=27646.50;H1_SL=27536.25;H4_SL=27298.50;POC_PREV=27577.50;HVN_1=27432.50;HVN_2=27411.50;HVN_3=27398.50;HVN_4=27373.50;HVN_5=27362.50;HVN_6=27286.50,,0,,,,,,,,,,,,,,,,,,,,,no_sweep,,,,,,,,,,,,,,
2026-05-04,1,27854.75,20,6,ASIA_H=27965.75;LON_H=27951.25;PDH=27917.00;ASIA_L=27800.25;LON_L=27662.25;PDL=27536.25;H1_SH=27917.00;H1_SL=27800.25;H4_SL=27536.25;POC_PREV=27868.50;HVN_1=27432.50;HVN_2=27411.50;HVN_3=27398.50;HVN_4=27373.50;HVN_5=27362.50;HVN_6=27286.50,,0,,,,,,,,,,,,,,,,,,,,,no_sweep,,,,,,,,,,,,,,
2026-05-05,1,27988.25,20,6,ASIA_H=27887.00;LON_H=28006.00;PDH=27965.75;ASIA_L=27731.75;LON_L=27874.75;PDL=27613.00;H1_SL=27818.25;H4_SL=27613.00;POC_PREV=27754.50;HVN_1=27882.50;HVN_2=27869.50;HVN_3=27852.50;HVN_4=27845.50;HVN_5=27843.50;HVN_6=27830.50,,0,,,,,,,,,,,,,,,,,,,,,no_sweep,,,,,,,,,,,,,,
2026-05-06,1,28389.25,20,6,ASIA_H=28422.00;LON_H=28634.25;PDH=28247.00;ASIA_L=28243.00;LON_L=28308.00;PDL=27731.75;H1_SH=28422.00;H1_SL=28300.00;H4_SL=27613.00;POC_PREV=28133.50;HVN_1=27883.50;HVN_2=27869.50;HVN_3=27851.50;HVN_4=27845.50;HVN_5=27843.50;HVN_6=27831.50,,0,,,,,,,,,,,,,,,,,,,,,no_sweep,,,,,,,,,,,,,,
2026-05-07,1,28750.25,20,6,ASIA_H=28748.75;LON_H=28814.50;PDH=28800.00;ASIA_L=28637.00;LON_L=28690.25;PDL=28243.00;H1_SH=28800.00;H1_SL=28690.25;H4_SH=28800.00;H4_SL=27613.00;POC_PREV=28573.50;HVN_1=27883.50;HVN_2=27869.50;HVN_3=27851.50;HVN_4=27845.50;HVN_5=27843.50;HVN_6=27831.50,,-1,09:40,ASIA_H,ASIA_H,ASIA,28782.50,28720.75,09:45,ote,ote@09:45,,28708.00,28782.50,28745.25,eq@09:45,eq,28745.25,28745.25,09:45,09:50,28745.25,filled,,,ASIA:ASIA_H,,,23.51,09:45,0,1,,LON_L=28690.25,POC_PREV=28573.50,LON_L=28690.25,H1_SL=28690.25
2026-05-08,1,28876.75,20,6,ASIA_H=28838.50;LON_H=28915.00;PDH=28944.75;ASIA_L=28541.00;LON_L=28803.50;PDL=28552.00;H1_SH=28944.75;H1_SL=28690.25;H4_SH=28944.75;H4_SL=28541.00;POC_PREV=28676.50;HVN_1=28677.50;HVN_2=27883.50;HVN_3=27869.50;HVN_4=27851.50;HVN_5=27845.50;HVN_6=27843.50,,0,,,,,,,,,,,,,,,,,,,,,no_sweep,,,,,,,,,,,,,,
2026-05-11,1,29305.25,20,6,ASIA_H=29399.75;LON_H=29389.00;PDH=29386.75;ASIA_L=29225.75;LON_L=29263.25;PDL=28541.00;H1_SH=29356.25;H1_SL=29293.00;H4_SH=29399.75;H4_SL=28541.00;POC_PREV=29285.50;HVN_1=28677.50;HVN_2=27883.50;HVN_3=27869.50;HVN_4=27851.50;HVN_5=27845.50;HVN_6=27843.50,,-1,09:35,ASIA_H;H4_SH;LON_H;PDH;H1_SH,ASIA_H,ASIA,29427.00,29259.25,,,,,,,,,,,,,,,no_confirmation,,09:30,ASIA:ASIA_H;LON:LON_H;PD:PDH;H4:H4_SH,,,,,,,,,,,
2026-05-12,1,29213.25,20,6,ASIA_H=29455.75;LON_H=29254.50;PDH=29480.00;ASIA_L=29214.00;LON_L=29121.25;PDL=29225.75;H1_SH=29250.25;H1_SL=29174.00;H4_SH=29399.75;H4_SL=28541.00;POC_PREV=29398.50;HVN_1=28677.50;HVN_2=27883.50;HVN_3=27869.50;HVN_4=27851.50;HVN_5=27845.50;HVN_6=27843.50,,1,09:30,H1_SL;ASIA_L;PDL,H1_SL,H1,29145.75,29237.00,09:35,ote,ote@09:35;bos@09:40;ifvg@09:40,,29145.75,29231.75,29188.75,eq@09:35,eq,29188.75,29188.75,09:35,09:50,29188.75,filled,,,H1:H1_SL,,,33.84,09:35,0,1,,ASIA_L=29214.00,POC_PREV=29398.50,ASIA_L=29214.00,PDL=29225.75
2026-05-13,1,29288.00,20,6,ASIA_H=29352.00;LON_H=29447.00;PDH=29455.75;ASIA_L=29055.50;LON_L=29289.50;PDL=28742.00;H1_SH=29296.00;H1_SL=29263.25;H4_SH=29399.75;H4_SL=28742.00;POC_PREV=29215.50;HVN_1=28677.50;HVN_2=27883.50;HVN_3=27869.50;HVN_4=27851.50;HVN_5=27845.50;HVN_6=27843.50,,0,,,,,,,,,,,,,,,,,,,,,no_sweep,,,,,,,,,,,,,,
2026-05-14,1,29476.25,20,6,ASIA_H=29693.00;LON_H=29633.00;PDH=29565.50;ASIA_L=29514.00;LON_L=29480.50;PDL=29055.50;H1_SH=29480.00;H1_SL=29314.75;H4_SH=29480.00;H4_SL=29075.00;POC_PREV=29477.50;HVN_1=29385.50;HVN_2=29335.50;HVN_3=29328.50;HVN_4=29317.50;HVN_5=29302.50;HVN_6=29293.50,,1,09:30,LON_L;ASIA_L,LON_L,LON,29458.50,29575.00,09:35,bos+ifvg+ote,bos@09:35;ifvg@09:35;ote@09:35,1,29458.50,29599.75,29529.12,eq@09:35;ob@09:35,eq,29529.12,29529.12,09:35,09:55,29529.12,filled,,,ASIA:ASIA_L;LON:LON_L,,H1_SH;H4_SH,32.42,09:35,0,1,ob,PDH=29565.50,,PDH=29565.50,LON_H=29633.00
2026-05-15,1,29278.25,20,6,ASIA_H=29734.00;LON_H=29469.25;PDH=29782.00;ASIA_L=29248.00;LON_L=29168.75;PDL=29448.25;H1_SH=29296.00;H1_SL=29263.25;H4_SH=29399.75;H4_SL=29075.00;POC_PREV=29706.50;HVN_1=29285.50;HVN_2=29291.50;HVN_3=29293.50;HVN_4=29302.50;HVN_5=29317.50;HVN_6=29328.50,,1,09:30,ASIA_L;H1_SL;PDL,ASIA_L,ASIA,29188.75,29203.50,09:45,bos+ote,bos@09:45;ote@09:45,,29188.75,29291.00,29239.88,eq@09:45;breaker@09:45,eq,29239.88,29239.88,09:45,09:50,29219.75,filled,,,ASIA:ASIA_L,,,54.63,09:45,0,0,breaker,ASIA_L=29248.00,HVN_1=29285.50,ASIA_L=29248.00,H1_SL=29263.25
2026-05-18,1,29338.00,20,6,ASIA_H=29283.75;LON_H=29274.25;PDH=29734.00;ASIA_L=28926.00;LON_L=29052.00;PDL=29089.75;H1_SH=29356.25;H1_SL=29314.75;H4_SH=29399.75;H4_SL=29089.75;POC_PREV=29287.50;HVN_1=29335.50;HVN_2=29326.50;HVN_3=29318.50;HVN_4=29301.50;HVN_5=29379.50;HVN_6=29384.50,,-1,09:35,ASIA_H;LON_H,ASIA_H,ASIA,29301.75,29353.00,09:40,bos+ifvg+ote,bos@09:40;ifvg@09:40;ote@09:40,1,29160.00,29301.75,29230.88,eq@09:40;ob@09:40,eq,29230.88,29230.88,09:40,09:50,29230.88,filled,,,ASIA:ASIA_H;LON:LON_H,,H1_SL,50.11,09:40,0,1,ob,PDL=29089.75,,PDL=29089.75,H4_SL=29089.75
2026-05-19,1,28849.50,20,6,ASIA_H=29188.50;LON_H=29125.25;PDH=29419.75;ASIA_L=28885.00;LON_L=28831.00;PDL=28814.75;H1_SH=28944.75;H1_SL=28836.00;H4_SH=28944.75;H4_SL=28814.75;POC_PREV=29013.50;HVN_1=28877.50;HVN_2=28677.50;HVN_3=29173.50;HVN_4=29210.50;HVN_5=29212.50;HVN_6=29216.50,,1,09:30,ASIA_L,ASIA_L,ASIA,28850.25,28937.75,09:35,bos+ifvg+ote,bos@09:35;ifvg@09:35;ote@09:35,1,28850.25,29068.00,28959.12,eq@09:35;ob@09:35,eq,28959.12,28959.12,09:35,09:50,28944.00,filled,,,ASIA:ASIA_L,,H1_SH;H4_SH,49.81,09:35,0,0,ob,H1_SH=28944.75,POC_PREV=29013.50,H1_SH=28944.75,H4_SH=28944.75
2026-05-20,1,29073.75,20,6,ASIA_H=29039.75;LON_H=29161.25;PDH=29188.50;ASIA_L=28797.25;LON_L=29014.25;PDL=28663.00;H1_SH=29116.50;H1_SL=29055.50;H4_SH=29126.50;H4_SL=28926.00;POC_PREV=28928.50;HVN_1=29083.50;HVN_2=29090.50;HVN_3=29097.50;HVN_4=29043.50;HVN_5=29105.50;HVN_6=29110.50,,-1,09:35,H4_SH;H1_SH;ASIA_H,H4_SH,H4,29142.00,29122.75,09:50,bos+ote,bos@09:50;ote@09:50,,29023.25,29142.00,29082.62,eq@09:50;breaker@09:50;fvg@09:55,fvg,29107.50,29114.75,09:55,10:00,29107.50,filled,,,H4:H4_SH,H1,H1_SL,48.25,09:50,0,,,H1_SL=29055.50,HVN_5=29105.50,HVN_5=29105.50,HVN_3=29097.50
2026-05-21,1,29215.50,20,6,ASIA_H=29439.75;LON_H=29464.50;PDH=29397.50;ASIA_L=29113.00;LON_L=29192.25;PDL=28797.25;H1_SH=29250.25;H1_SL=29200.00;H4_SH=29399.75;H4_SL=29089.75;POC_PREV=29309.50;HVN_1=29216.50;HVN_2=29212.50;HVN_3=29210.50;HVN_4=29220.50;HVN_5=29192.50;HVN_6=29240.50,,1,09:30,LON_L;H1_SL,LON_L,LON,29174.00,29244.00,09:50,bos+ote,bos@09:50;ote@09:50,,29174.00,29298.00,29236.00,eq@09:50;ob@09:50,eq,29236.00,29236.00,09:50,,,no_fill,,,LON:LON_L,H1,H1_SH,49.79,09:50,0,,,,,,
2026-05-22,1,29580.75,20,6,ASIA_H=29606.25;LON_H=29665.25;PDH=29554.00;ASIA_L=29444.00;LON_L=29436.00;PDL=29113.00;H1_SH=29603.50;H1_SL=29514.00;H4_SH=29693.00;H4_SL=29448.25;POC_PREV=29243.50;HVN_1=29424.50;HVN_2=29416.50;HVN_3=29378.50;HVN_4=29353.50;HVN_5=29335.50;HVN_6=29317.50,,-1,09:35,H4_SH;LON_H;ASIA_H;H1_SH;PDH,H4_SH,H4,29697.50,29548.50,10:00,ifvg+ote,ifvg@10:00;ote@10:00,1,29532.75,29697.50,29615.12,eq@10:00;ob@10:00,eq,29615.12,29615.12,10:00,,,no_fill,,,H4:H4_SH,,,47.64,10:00,0,,,,,,
2026-05-25,1,29940.50,20,6,ASIA_H=29995.00;LON_H=29990.00;PDH=29749.00;ASIA_L=29676.25;LON_L=29889.50;PDL=29436.00;H1_SH=29995.00;H1_SL=29889.50;H4_SL=29448.25;POC_PREV=29561.50;HVN_1=29424.50;HVN_2=29416.50;HVN_3=29378.50;HVN_4=29353.50;HVN_5=29335.50;HVN_6=29317.50,,0,,,,,,,,,,,,,,,,,,,,,no_sweep,,,,,,,,,,,,,,
2026-05-26,1,29902.50,20,6,ASIA_H=29977.00;LON_H=29915.00;PDH=29995.00;ASIA_L=29770.25;LON_L=29744.00;PDL=29676.25;H1_SH=29993.75;H1_SL=29889.50;H4_SH=29993.75;H4_SL=29448.25;POC_PREV=29969.50;HVN_1=29424.50;HVN_2=29416.50;HVN_3=29378.50;HVN_4=29353.50;HVN_5=29335.50;HVN_6=29317.50,,-1,09:30,LON_H,LON_H,LON,29935.00,29901.25,09:35,bos+ote,bos@09:35;ote@09:35,,29826.75,29935.00,29880.88,eq@09:35;ob@09:35;breaker@09:35,eq,29880.88,29880.88,09:35,09:50,29973.75,filled,,,LON:LON_H,,H1_SL,24.05,09:35,0,0,ob+breaker,LON_H=29915.00,POC_PREV=29969.50,POC_PREV=29969.50,LON_H=29915.00
2026-05-27,1,30188.25,20,6,ASIA_H=30159.25;LON_H=30379.00;PDH=30118.75;ASIA_L=30028.50;LON_L=30076.25;PDL=29744.00;H1_SL=30055.75;H4_SL=29744.00;POC_PREV=29976.50;HVN_1=29424.50;HVN_2=29416.50;HVN_3=29378.50;HVN_4=29353.50;HVN_5=29335.50;HVN_6=29317.50,,-1,09:30,ASIA_H;PDH,ASIA_H,ASIA,30192.00,30201.00,09:35,bos+ifvg+ote,bos@09:35;ifvg@09:35;ote@09:35,1,30053.75,30192.00,30122.88,eq@09:35;ob@09:35,eq,30122.88,30122.88,09:35,,,no_fill,,,ASIA:ASIA_H,,,35.46,09:35,0,,,,,,
2026-05-28,1,30053.50,20,6,ASIA_H=30136.25;LON_H=29998.00;PDH=30379.00;ASIA_L=29763.00;LON_L=29863.50;PDL=29877.50;H1_SH=30112.00;H1_SL=29963.25;H4_SH=30136.25;H4_SL=29877.50;POC_PREV=30046.50;HVN_1=29424.50;HVN_2=29416.50;HVN_3=29378.50;HVN_4=29353.50;HVN_5=29335.50;HVN_6=29317.50,,-1,09:35,LON_H,LON_H,LON,30025.75,30028.25,09:40,bos+ifvg+ote,bos@09:40;ifvg@09:40;ote@09:40,1,29943.25,30025.75,29984.50,eq@09:40;ob@09:40,eq,29984.50,29984.50,09:40,09:50,29984.50,filled,,,LON:LON_H,,,33.91,09:40,0,1,ob,H1_SL=29963.25,HVN_1=29424.50,H1_SL=29963.25,PDL=29877.50
2026-05-29,1,30382.25,20,6,ASIA_H=30362.00;LON_H=30372.25;PDH=30344.50;ASIA_L=30216.50;LON_L=30265.75;PDL=29763.00;H1_SL=30274.25;H4_SL=29877.50;POC_PREV=30313.50;HVN_1=30046.50;HVN_2=29978.50;HVN_3=29976.50;HVN_4=29971.50;HVN_5=29424.50;HVN_6=29416.50,,0,,,,,,,,,,,,,,,,,,,,,no_sweep,,,,,,,,,,,,,,
2026-06-01,1,30343.00,20,6,ASIA_H=30595.25;LON_H=30591.75;PDH=30536.00;ASIA_L=30361.25;LON_L=30415.00;PDL=30216.50;H1_SH=30344.50;H1_SL=30291.00;H4_SH=30379.00;H4_SL=29877.50;POC_PREV=30394.50;HVN_1=30046.50;HVN_2=29978.50;HVN_3=29976.50;HVN_4=29971.50;HVN_5=29424.50;HVN_6=29416.50,,1,09:30,ASIA_L;LON_L,ASIA_L,ASIA,30309.50,30456.00,09:35,ifvg+ote,ifvg@09:35;ote@09:35,1,30309.50,30462.25,30385.88,eq@09:35;ob@09:35,eq,30385.88,30385.88,09:35,09:50,30385.88,filled,,,ASIA:ASIA_L,,H4_SH;H1_SH,43.75,09:35,0,1,ob,LON_L=30415.00,POC_PREV=30394.50,POC_PREV=30394.50,LON_L=30415.00
2026-06-02,1,30557.00,20,6,ASIA_H=30547.25;LON_H=30586.00;PDH=30693.00;ASIA_L=30317.75;LON_L=30502.50;PDL=30291.50;H1_SH=30586.00;H1_SL=30443.75;H4_SH=30595.25;H4_SL=30291.50;POC_PREV=30571.50;HVN_1=30046.50;HVN_2=29978.50;HVN_3=29976.50;HVN_4=29971.50;HVN_5=29424.50;HVN_6=29416.50,,-1,09:30,ASIA_H,ASIA_H,ASIA,30567.75,30481.25,09:35,bos+ote,bos@09:35;ote@09:35,,30452.00,30567.75,30509.88,eq@09:35;ob@09:35,eq,30509.88,30509.88,09:35,09:50,30549.75,filled,,,ASIA:ASIA_H,,LON_L,28.23,09:35,0,0,ob,ASIA_H=30547.25,HVN_1=30046.50,ASIA_H=30547.25,LON_L=30502.50
2026-06-03,1,30753.75,20,6,ASIA_H=30757.00;LON_H=30799.00;PDH=30763.25;ASIA_L=30561.25;LON_L=30687.00;PDL=30317.75;H1_SH=30763.25;H1_SL=30670.25;H4_SH=30763.25;H4_SL=30317.75;POC_PREV=30673.50;HVN_1=30046.50;HVN_2=29978.50;HVN_3=29976.50;HVN_4=29971.50;HVN_5=29424.50;HVN_6=29416.50,,-1,09:30,LON_H;PDH;H1_SH;H4_SH;ASIA_H,LON_H,LON,30807.75,30700.00,09:40,bos+ifvg+ote,bos@09:40;ifvg@09:40;ote@09:40,1,30622.00,30807.75,30714.88,eq@09:40;ob@09:40,eq,30714.88,30714.88,09:40,,,no_fill,,,ASIA:ASIA_H;LON:LON_H;PD:PDH;H1:H1_SH;H4:H4_SH,,,34.60,09:40,0,,,,,,
2026-06-04,1,30268.25,20,6,ASIA_H=30535.00;LON_H=30544.50;PDH=30807.75;ASIA_L=30352.50;LON_L=30164.25;PDL=30478.25;H1_SH=30344.50;H1_SL=30265.75;H4_SH=30379.00;H4_SL=29877.50;POC_PREV=30678.50;HVN_1=30046.50;HVN_2=29978.50;HVN_3=29976.50;HVN_4=29971.50;HVN_5=30638.50;HVN_6=30673.50,,-1,09:35,H1_SH,H1_SH,H1,30364.50,30287.75,09:40,bos+ifvg+ote,bos@09:40;ifvg@09:40;ote@09:40,1,30220.25,30364.50,30292.38,eq@09:40,eq,30292.38,30292.38,09:40,09:50,30292.38,filled,,09:30,H1:H1_SH,,ASIA_L;PDL,48.00,09:40,0,1,,H1_SL=30265.75,HVN_1=30046.50,H1_SL=30265.75,LON_L=30164.25
2026-06-05,1,30036.25,20,6,ASIA_H=30422.00;LON_H=30259.00;PDH=30603.25;ASIA_L=30052.25;LON_L=30062.00;PDL=30151.00;H1_SH=30112.00;H1_SL=29963.25;H4_SH=30136.25;H4_SL=29877.50;POC_PREV=30447.50;HVN_1=30046.50;HVN_2=29978.50;HVN_3=29976.50;HVN_4=29971.50;HVN_5=30313.50;HVN_6=30396.50,,0,,,,,,,,,,,,,,,,,,,,,no_sweep,,,,,,,,,,,,,,
2026-06-08,1,29525.75,20,6,ASIA_H=29287.50;LON_H=29457.75;PDH=30422.00;ASIA_L=28822.25;LON_L=29082.75;PDL=28781.25;H1_SH=29554.00;H1_SL=29514.00;H4_SH=29693.00;H4_SL=29448.25;POC_PREV=29852.50;HVN_1=29553.50;HVN_2=29559.50;HVN_3=29469.50;HVN_4=29462.50;HVN_5=29439.50;HVN_6=29424.50,,-1,09:30,H1_SH;LON_H;ASIA_H,LON_H,LON,29584.00,29462.25,09:35,bos+ote,bos@09:35;ote@09:35;ifvg@09:55,,29397.50,29584.00,29490.75,eq@09:35;ob@09:35,eq,29490.75,29490.75,09:35,09:50,29490.75,filled,,,LON:LON_H,H1,H4_SL;H1_SL,50.00,09:35,0,1,ob,LON_H=29457.75,HVN_3=29469.50,HVN_3=29469.50,HVN_4=29462.50
2026-06-09,1,29736.75,20,6,ASIA_H=29674.75;LON_H=29727.50;PDH=29743.00;ASIA_L=29303.50;LON_L=29566.00;PDL=28822.25;H1_SH=29737.75;H1_SL=29633.75;H4_SH=29743.00;H4_SL=29448.25;POC_PREV=29441.50;HVN_1=29692.50;HVN_2=29684.50;HVN_3=29667.50;HVN_4=29658.50;HVN_5=29653.50;HVN_6=29590.50,,-1,09:30,PDH;H4_SH;H1_SH;LON_H;ASIA_H,PDH,PD,29748.00,29692.25,09:35,bos+ote,bos@09:35;ote@09:35;ifvg@09:55,,29633.25,29748.00,29690.62,eq@09:35;ob@09:35;breaker@09:35;fvg@09:55,eq,29690.62,29690.62,09:35,09:50,29844.25,filled,,,ASIA:ASIA_H;LON:LON_H;PD:PDH;H4:H4_SH,H1,H1_SL,37.34,09:35,0,0,ob+breaker,PDH=29743.00,HVN_1=29692.50,PDH=29743.00,H4_SH=29743.00
2026-06-10,1,28852.25,20,6,ASIA_H=29169.00;LON_H=29001.00;PDH=29848.25;ASIA_L=28853.75;LON_L=28610.00;PDL=28227.75;H1_SH=28944.75;H1_SL=28839.00;H4_SH=28944.75;H4_SL=28814.75;POC_PREV=29694.50;HVN_1=28970.50;HVN_2=28983.50;HVN_3=28985.50;HVN_4=28995.50;HVN_5=29014.50;HVN_6=29088.50,09:35,1,09:40,ASIA_L,ASIA_L,ASIA,28851.00,28891.75,09:45,bos+ote,bos@09:45;ote@09:45,,28851.00,29163.25,29007.12,eq@09:45;ob@09:45,eq,29007.12,29007.12,09:45,09:50,29007.12,filled,09:35[ASIA:L;LON:S;H1:abstain;H4:abstain],09:30,ASIA:ASIA_L,,LON_H;H1_SH;H4_SH,96.83,09:45,0,1,ob,ASIA_H=29169.00,HVN_5=29014.50,HVN_5=29014.50,HVN_6=29088.50
2026-06-11,1,28753.00,20,6,ASIA_H=28803.00;LON_H=28936.00;PDH=29250.00;ASIA_L=28265.75;LON_L=28716.50;PDL=28409.00;H1_SH=28765.00;H1_SL=28742.00;H4_SH=28800.00;H4_SL=28742.00;POC_PREV=28760.50;HVN_1=28858.50;HVN_2=28871.50;HVN_3=28873.50;HVN_4=28893.50;HVN_5=28907.50;HVN_6=28922.50,,1,09:40,LON_L;H1_SL;H4_SL,LON_L,LON,28650.75,28796.25,09:45,bos+ote,bos@09:45;ote@09:45;ifvg@09:50,,28650.75,28892.00,28771.38,eq@09:45,eq,28771.38,28771.38,09:45,,,no_fill,,09:30;09:35,LON:LON_L,H1,H1_SH,69.08,09:45,0,,,,,,
2026-06-12,1,29496.00,20,6,ASIA_H=29645.50;LON_H=29675.00;PDH=29544.25;ASIA_L=29335.00;LON_L=29260.00;PDL=28265.75;H1_SH=29554.00;H1_SL=29491.00;H4_SH=29693.00;H4_SL=29448.25;POC_PREV=28783.50;HVN_1=29461.50;HVN_2=29549.50;HVN_3=29440.50;HVN_4=29561.50;HVN_5=29429.50;HVN_6=29579.50,,1,09:30,ASIA_L;H4_SL;H1_SL,ASIA_L,ASIA,29303.00,29660.00,10:05,ifvg,ifvg@10:05,1,29303.00,29580.75,29441.88,fvg@10:05;eq@10:05,fvg,29407.50,29441.50,10:05,,,no_fill,,,ASIA:ASIA_L,,,87.49,10:05,0,,,,,,
2026-06-15,1,30634.25,20,6,ASIA_H=30560.00;LON_H=30628.25;PDH=29760.00;ASIA_L=30191.00;LON_L=30509.50;PDL=29230.00;H1_SH=30693.00;H1_SL=30598.50;H4_SH=30693.00;H4_SL=30317.75;POC_PREV=29682.50;HVN_1=30638.50;HVN_2=30621.50;HVN_3=30653.50;HVN_4=30601.50;HVN_5=30673.50;HVN_6=30581.50,,-1,09:30,H1_SH;H4_SH;LON_H;ASIA_H;PDH,H1_SH,H1,30696.00,30538.50,09:55,ifvg,ifvg@09:55,1,30604.75,30696.00,30650.38,eq@09:55;fvg@10:00,fvg,30761.75,30763.00,10:00,10:05,30761.75,filled,,,H1:H1_SH;H4:H4_SH,,,40.81,09:55,0,,,H1_SH=30693.00,HVN_5=30673.50,H1_SH=30693.00,H4_SH=30693.00
2026-06-16,1,30811.25,20,6,ASIA_H=30868.00;LON_H=30975.50;PDH=30915.00;ASIA_L=30755.00;LON_L=30808.00;PDL=30191.00;H1_SH=30860.00;H1_SL=30755.50;H4_SH=30915.00;H4_SL=30317.75;POC_PREV=30868.50;HVN_1=30679.50;HVN_2=30673.50;HVN_3=30657.50;HVN_4=30654.50;HVN_5=30638.50;HVN_6=30621.50,,1,09:30,ASIA_L;H1_SL;LON_L,ASIA_L,ASIA,30750.75,30846.00,09:45,bos+ifvg+ote,bos@09:45;ifvg@09:45;ote@09:45,1,30750.75,30883.50,30817.12,eq@09:45,eq,30817.12,30817.12,09:45,09:55,30817.12,filled,,,ASIA:ASIA_L;H1:H1_SL,,,37.37,09:45,0,1,,H1_SH=30860.00,POC_PREV=30868.50,H1_SH=30860.00,ASIA_H=30868.00
2026-06-17,1,30526.75,20,6,ASIA_H=30545.75;LON_H=30584.50;PDH=30975.50;ASIA_L=30306.50;LON_L=30387.75;PDL=30272.25;H1_SH=30531.00;H1_SL=30509.50;H4_SH=30595.25;H4_SL=30317.75;POC_PREV=30818.50;HVN_1=30513.50;HVN_2=30540.50;HVN_3=30548.50;HVN_4=30557.50;HVN_5=30564.50;HVN_6=30483.50,,1,09:40,H1_SL,H1_SL,H1,30399.75,30534.75,,,,,,,,,,,,,,,no_confirmation,,,H1:H1_SL,,,,,,,,,,,
2026-06-18,1,30594.25,20,6,ASIA_H=30438.25;LON_H=30500.00;PDH=30584.50;ASIA_L=30096.00;LON_L=30355.00;PDL=29923.00;H1_SH=30595.25;H1_SL=30561.25;H4_SH=30595.25;H4_SL=30317.75;POC_PREV=30445.50;HVN_1=30602.50;HVN_2=30581.50;HVN_3=30571.50;HVN_4=30621.50;HVN_5=30623.50;HVN_6=30563.50,,-1,09:30,H1_SH;H4_SH;PDH;LON_H;ASIA_H,H4_SH,H4,30615.50,30467.50,09:35,bos+ote,bos@09:35;ote@09:35;ifvg@09:40,,30408.00,30615.50,30511.75,eq@09:35;ob@09:35,eq,30511.75,30511.75,09:35,09:50,30511.75,filled,,,LON:LON_H;PD:PDH;H4:H4_SH,H1,H1_SL,44.22,09:35,0,1,ob,LON_H=30500.00,POC_PREV=30445.50,LON_H=30500.00,POC_PREV=30445.50
2026-06-19,1,30646.25,20,6,ASIA_H=30770.75;LON_H=30666.00;PDH=30783.25;ASIA_L=30388.00;LON_L=30535.75;PDL=30096.00;H1_SH=30666.00;H1_SL=30645.25;H4_SH=30693.00;H4_SL=30317.75;POC_PREV=30706.50;HVN_1=30639.50;HVN_2=30653.50;HVN_3=30657.50;HVN_4=30625.50;HVN_5=30621.50;HVN_6=30673.50,,-1,09:30,LON_H;H1_SH,LON_H,LON,30678.25,30626.00,,,,,,,,,,,,,,,no_confirmation,,,LON:LON_H,H1,H1_SL,,,,,,,,,
2026-06-22,1,30822.00,20,6,ASIA_H=30742.25;LON_H=30828.00;PDH=30770.75;ASIA_L=30337.50;LON_L=30687.25;PDL=30388.00;H1_SH=30860.00;H1_SL=30755.50;H4_SH=30915.00;H4_SL=30388.00;POC_PREV=30669.50;HVN_1=30716.50;HVN_2=30713.50;HVN_3=30695.50;HVN_4=30692.50;HVN_5=30679.50;HVN_6=30673.50,,-1,09:30,H1_SH;LON_H;PDH;ASIA_H,H1_SH,H1,30904.00,30796.25,09:40,bos+ote,bos@09:40;ote@09:40,,30756.75,30904.00,30830.38,eq@09:40;ob@09:40,eq,30830.38,30830.38,09:40,09:50,30880.25,filled,,,LON:LON_H;H1:H1_SH,,,53.07,09:40,0,0,ob,H1_SH=30860.00,HVN_1=30716.50,H1_SH=30860.00,LON_H=30828.00
2026-06-23,1,29718.75,20,6,ASIA_H=30701.25;LON_H=30054.25;PDH=30968.00;ASIA_L=29950.00;LON_L=29744.00;PDL=30337.50;H1_SH=29737.75;H1_SL=29633.75;H4_SH=29743.00;H4_SL=29448.25;POC_PREV=30585.50;HVN_1=29976.50;HVN_2=29459.50;HVN_3=29978.50;HVN_4=29982.50;HVN_5=29990.50;HVN_6=29441.50,,1,09:30,H1_SL;LON_L;ASIA_L;PDL,LON_L,LON,29616.50,29900.75,09:45,ifvg,ifvg@09:45;ote@09:50;bos@09:55,1,29616.50,29857.00,29736.75,eq@09:45,eq,29736.75,29736.75,09:45,,,no_fill,,,LON:LON_L,H1,H4_SH;H1_SH,60.89,09:45,0,,,,,,
2026-06-24,1,29711.50,20,6,ASIA_H=29891.75;LON_H=29872.75;PDH=30701.25;ASIA_L=29585.50;LON_L=29734.00;PDL=29577.25;H1_SH=29715.50;H1_SL=29633.75;H4_SH=29743.00;H4_SL=29577.25;POC_PREV=29727.50;HVN_1=29441.50;HVN_2=29990.50;HVN_3=30044.50;HVN_4=30312.50;HVN_5=30342.50;HVN_6=30362.50,,1,09:30,LON_L,LON_L,LON,29635.00,29790.75,09:50,ifvg+ote,ifvg@09:50;ote@09:50,1,29635.00,29841.50,29738.25,eq@09:50,eq,29738.25,29738.25,09:50,09:55,29738.25,filled,,,LON:LON_L,,H4_SH;H1_SH,70.12,09:50,0,1,,H4_SH=29743.00,HVN_2=29990.50,H4_SH=29743.00,LON_H=29872.75
2026-06-25,1,30151.00,20,6,ASIA_H=30168.50;LON_H=30219.00;PDH=30157.75;ASIA_L=29924.50;LON_L=30099.00;PDL=29264.75;H1_SH=30159.25;H1_SL=30062.00;H4_SH=30379.00;H4_SL=30052.25;POC_PREV=29766.50;HVN_1=30312.50;HVN_2=30342.50;HVN_3=30362.50;HVN_4=30369.50;HVN_5=30382.50;HVN_6=30401.50,09:30,0,,,,,,,,,,,,,,,,,,,,,no_sweep,09:30[ASIA:S;PD:S;H4:L;H1:abstain],,,,,,,,,,,,,
2026-06-26,1,29360.75,20,6,ASIA_H=29892.75;LON_H=29562.75;PDH=30263.75;ASIA_L=29160.50;LON_L=29304.75;PDL=29295.75;H1_SH=29382.75;H1_SL=29331.50;H4_SH=29399.75;H4_SL=29303.50;POC_PREV=29681.50;HVN_1=29429.50;HVN_2=29440.50;HVN_3=29459.50;HVN_4=29638.50;HVN_5=29655.50;HVN_6=29667.50,,1,09:40,PDL;H4_SL;LON_L;H1_SL,PDL,PD,29217.75,29371.75,09:55,bos+ifvg+ote,bos@09:55;ifvg@09:55;ote@09:55,1,29217.75,29464.50,29341.12,eq@09:55,eq,29341.12,29341.12,09:55,,,no_fill,,,LON:LON_L;PD:PDL;H1:H1_SL;H4:H4_SL,,,77.10,09:55,0,,,,,,
2026-06-29,1,29643.25,20,6,ASIA_H=29684.75;LON_H=29759.75;PDH=29892.75;ASIA_L=29280.25;LON_L=29575.75;PDL=29160.50;H1_SH=29645.50;H1_SL=29633.75;H4_SH=29693.00;H4_SL=29577.25;POC_PREV=29540.50;HVN_1=29654.50;HVN_2=29667.50;HVN_3=29616.50;HVN_4=29675.50;HVN_5=29609.50;HVN_6=29680.50,,-1,09:35,LON_H;H4_SH;ASIA_H;H1_SH,LON_H,LON,29767.75,29650.25,09:55,bos+ote,bos@09:55;ote@09:55;ifvg@10:00,,29578.00,29767.75,29672.88,eq@09:55,eq,29672.88,29672.88,09:55,,,no_fill,,09:30,LON:LON_H,,,69.61,09:55,0,,,,,,
2026-06-30,1,30047.00,20,6,ASIA_H=30217.00;LON_H=30175.50;PDH=30069.50;ASIA_L=29934.75;LON_L=30018.75;PDL=29273.75;H1_SH=30069.50;H1_SL=30018.75;H4_SH=30136.25;H4_SL=29923.00;POC_PREV=30020.50;HVN_1=29853.50;HVN_2=29845.50;HVN_3=29838.50;HVN_4=29819.50;HVN_5=29800.50;HVN_6=29794.50,,-1,09:35,ASIA_H;LON_H;H4_SH;PDH;H1_SH,ASIA_H,ASIA,30264.00,29997.00,,,,,,,,,,,,,,,no_confirmation,,,ASIA:ASIA_H,,,,,,,,,,,
2026-07-01,1,30235.50,20,6,ASIA_H=30553.75;LON_H=30435.25;PDH=30599.75;ASIA_L=30364.50;LON_L=30299.00;PDL=29934.75;H1_SH=30259.00;H1_SL=30216.50;H4_SH=30263.75;H4_SL=30052.25;POC_PREV=30531.50;HVN_1=30393.50;HVN_2=30413.50;HVN_3=30438.50;HVN_4=30446.50;HVN_5=30021.50;HVN_6=30460.50,,0,,,,,,,,,,,,,,,,,,,,,no_sweep,,09:30,,,,,,,,,,,,
2026-07-02,1,30076.25,20,6,ASIA_H=30239.50;LON_H=30190.25;PDH=30553.75;ASIA_L=29895.00;LON_L=29826.25;PDL=30008.50;H1_SH=30086.00;H1_SL=30062.00;H4_SH=30136.25;H4_SL=30052.25;POC_PREV=30257.50;HVN_1=30026.50;HVN_2=30021.50;HVN_3=30204.50;HVN_4=29853.50;HVN_5=30305.50;HVN_6=29845.50,,1,09:30,PDL;H4_SL;H1_SL,PDL,PD,30007.75,30184.00,09:45,ifvg+ote,ifvg@09:45;ote@09:45;bos@09:50,1,30007.75,30205.00,30106.38,eq@09:45,eq,30106.38,30106.38,09:45,,,no_fill,,,PD:PDL,H1;H4,H4_SH;H1_SH,68.29,09:45,0,,,,,,
2026-07-03,1,29920.00,20,6,ASIA_H=29888.00;LON_H=29924.25;PDH=30320.00;ASIA_L=29522.00;LON_L=29825.75;PDL=29328.50;H1_SH=29922.50;H1_SL=29910.00;H4_SH=29993.75;H4_SL=29877.50;POC_PREV=29459.50;HVN_1=29844.50;HVN_2=29838.50;HVN_3=30010.50;HVN_4=29819.50;HVN_5=30021.50;HVN_6=30027.50,,-1,09:35,LON_H;H1_SH;ASIA_H,LON_H,LON,29938.75,29886.75,,,,,,,,,,,,,,,no_confirmation,,,LON:LON_H,H1,H1_SL,,,,,,,,,
2026-07-06,1,29834.75,20,6,ASIA_H=30011.25;LON_H=29936.00;PDH=29955.25;ASIA_L=29683.00;LON_L=29780.00;PDL=29522.00;H1_SH=29845.25;H1_SL=29826.25;H4_SH=29848.25;H4_SL=29763.00;POC_PREV=29904.50;HVN_1=29838.50;HVN_2=29818.50;HVN_3=29797.50;HVN_4=29795.50;HVN_5=29764.50;HVN_6=29726.50,,-1,09:45,PDH;LON_H;H4_SH;H1_SH,PDH,PD,29967.25,29776.25,,,,,,,,,,,,,,,no_confirmation,,09:30;09:35,PD:PDH,,,,,,,,,,,
2026-07-07,1,29592.25,20,6,ASIA_H=29973.75;LON_H=29744.00;PDH=30094.00;ASIA_L=29558.50;LON_L=29591.25;PDL=29683.00;H1_SH=29603.50;H1_SL=29585.50;H4_SH=29693.00;H4_SL=29577.25;POC_PREV=30027.50;HVN_1=29586.50;HVN_2=29569.50;HVN_3=29618.50;HVN_4=29639.50;HVN_5=29541.50;HVN_6=29535.50,,1,09:40,ASIA_L;H4_SL;H1_SL;LON_L;PDL,ASIA_L,ASIA,29524.75,29685.75,,,,,,,,,,,,,,,no_confirmation,,09:30,ASIA:ASIA_L;LON:LON_L;H4:H4_SL,H1,H1_SH,,,,,,,,,
2026-07-08,1,29202.25,20,6,ASIA_H=29558.75;LON_H=29414.75;PDH=29973.75;ASIA_L=29266.00;LON_L=28909.75;PDL=29210.00;H1_SH=29250.00;H1_SL=29200.00;H4_SH=29250.00;H4_SL=29160.50;POC_PREV=29536.50;HVN_1=29393.50;HVN_2=29420.50;HVN_3=29422.50;HVN_4=29440.50;HVN_5=29446.50;HVN_6=29460.50,,1,09:30,PDL;ASIA_L,PDL,PD,29201.00,29239.50,09:35,bos+ote,bos@09:35;ote@09:35,,29201.00,29338.00,29269.50,eq@09:35;ob@09:35,eq,29269.50,29269.50,09:35,,,no_fill,,,ASIA:ASIA_L;PD:PDL,,H1_SH;H4_SH,53.97,09:35,0,,,,,,
2026-07-09,1,29745.25,20,6,ASIA_H=29644.25;LON_H=29755.00;PDH=29558.75;ASIA_L=29395.00;LON_L=29564.50;PDL=28909.75;H1_SH=29749.00;H1_SL=29744.00;H4_SH=29782.00;H4_SL=29744.00;POC_PREV=29392.50;HVN_1=29749.50;HVN_2=29740.50;HVN_3=29726.50;HVN_4=29765.50;HVN_5=29712.50;HVN_6=29705.50,,1,09:30,H1_SL;H4_SL,H4_SL,H4,29672.00,29759.50,09:35,bos+ote,bos@09:35;ote@09:35,,29672.00,29863.00,29767.50,eq@09:35;ob@09:35,eq,29767.50,29767.50,09:35,,,no_fill,,,H4:H4_SL,H1,LON_H;H1_SH;ASIA_H;PDH,36.97,09:35,0,,,,,,
2026-07-10,1,29835.00,20,6,ASIA_H=29964.25;LON_H=29887.75;PDH=29993.50;ASIA_L=29775.25;LON_L=29717.25;PDL=29395.00;H1_SH=29845.25;H1_SL=29826.25;H4_SH=29848.25;H4_SL=29763.00;POC_PREV=29898.50;HVN_1=29840.50;HVN_2=29849.50;HVN_3=29819.50;HVN_4=29859.50;HVN_5=29791.50;HVN_6=29879.50,,-1,09:35,LON_H;H4_SH;H1_SH,LON_H,LON,29936.75,29790.50,,,,,,,,,,,,,,,no_confirmation,,09:30,LON:LON_H,,,,,,,,,,,
2026-07-13,1,29710.75,20,6,ASIA_H=30041.00;LON_H=29799.75;PDH=30077.75;ASIA_L=29542.75;LON_L=29607.00;PDL=29675.00;H1_SH=29715.50;H1_SL=29683.00;H4_SH=29716.00;H4_SL=29683.00;POC_PREV=30047.50;HVN_1=29712.50;HVN_2=29706.50;HVN_3=29730.50;HVN_4=29732.50;HVN_5=29683.50;HVN_6=29740.50,,1,09:45,ASIA_L;LON_L;PDL;H1_SL;H4_SL,ASIA_L,ASIA,29535.75,29737.25,09:55,ifvg,ifvg@09:55,1,29535.75,29640.00,29587.88,eq@09:55,eq,29587.88,29587.88,09:55,10:00,29587.88,filled,,09:30,ASIA:ASIA_L,,,45.56,09:55,0,1,,LON_L=29607.00,HVN_5=29683.50,LON_L=29607.00,PDL=29675.00
2026-07-14,1,29811.75,20,6,ASIA_H=29649.75;LON_H=29694.00;PDH=30041.00;ASIA_L=29303.50;LON_L=29545.50;PDL=29386.50;H1_SH=29845.25;H1_SL=29804.25;H4_SH=29848.25;H4_SL=29763.00;POC_PREV=29496.50;HVN_1=29820.50;HVN_2=29796.50;HVN_3=29792.50;HVN_4=29840.50;HVN_5=29782.50;HVN_6=29846.50,,1,09:35,H4_SL;H1_SL,H4_SL,H4,29685.00,29832.00,,,,,,,,,,,,,,,no_confirmation,,,H4:H4_SL,,LON_H;ASIA_H,,,,,,,,,
2026-07-15,1,29955.25,20,6,ASIA_H=30058.25;LON_H=30062.50;PDH=29921.75;ASIA_L=29745.50;LON_L=29856.25;PDL=29303.50;H1_SH=29963.50;H1_SL=29952.50;H4_SH=29993.50;H4_SL=29923.00;POC_PREV=29795.50;HVN_1=29953.50;HVN_2=29965.50;HVN_3=29935.50;HVN_4=29979.50;HVN_5=29913.50;HVN_6=29905.50,,1,09:30,H4_SL;H1_SL,H4_SL,H4,29912.50,29999.75,10:00,ifvg,ifvg@10:00,1,29912.50,29977.50,29945.00,fvg@10:00;eq@10:00;breaker@10:00,fvg,29824.25,29826.25,10:05,,,no_fill,,,H4:H4_SL,H1,H1_SH;PDH,40.30,10:00,0,,,,,,
2026-07-16,1,29465.75,20,6,ASIA_H=29797.00;LON_H=29686.50;PDH=30062.50;ASIA_L=29593.50;LON_L=29361.00;PDL=29397.00;H1_SH=29469.25;H1_SL=29464.75;H4_SH=29480.00;H4_SL=29448.25;POC_PREV=29617.50;HVN_1=29462.50;HVN_2=29455.50;HVN_3=29480.50;HVN_4=29434.50;HVN_5=29497.50;HVN_6=29418.50,,0,,,,,,,,,,,,,,,,,,,,,no_sweep,,09:30;09:35,,,,,,,,,,,,
2026-07-17,1,28606.00,20,6,ASIA_H=29220.00;LON_H=28825.50;PDH=29797.00;ASIA_L=28722.50;LON_L=28550.00;PDL=29078.50;H1_SH=28634.25;H1_SL=28577.50;H4_SH=28800.00;H4_SL=28577.50;POC_PREV=29296.50;HVN_1=29311.50;HVN_2=29320.50;HVN_3=29348.50;HVN_4=29368.50;HVN_5=29376.50;HVN_6=29396.50,,1,09:30,LON_L;H1_SL;H4_SL;ASIA_L;PDL,LON_L,LON,28539.75,28690.75,09:50,ifvg,ifvg@09:50;ote@09:55;bos@10:00,1,28539.75,28686.00,28612.88,eq@09:50;fvg@09:55,fvg,28519.00,28578.25,09:55,,,no_fill,,,LON:LON_L,H1,H1_SH,58.40,09:50,0,,,,,,
2026-07-20,1,29045.00,20,6,ASIA_H=28963.50;LON_H=29109.50;PDH=29220.00;ASIA_L=28709.75;LON_L=28797.75;PDL=28408.25;H1_SH=29049.50;H1_SL=29034.00;H4_SH=29050.25;H4_SL=28926.00;POC_PREV=28807.50;HVN_1=29311.50;HVN_2=29320.50;HVN_3=29348.50;HVN_4=29368.50;HVN_5=29376.50;HVN_6=29396.50,,0,,,,,,,,,,,,,,,,,,,,,no_sweep,,09:30,,,,,,,,,,,,
2026-07-21,1,29221.50,20,6,ASIA_H=29155.50;LON_H=29207.00;PDH=29192.50;ASIA_L=28701.00;LON_L=29088.00;PDL=28709.75;H1_SH=29250.00;H1_SL=29210.00;H4_SH=29250.00;H4_SL=29210.00;POC_PREV=28984.50;HVN_1=29311.50;HVN_2=29320.50;HVN_3=29348.50;HVN_4=29368.50;HVN_5=29376.50;HVN_6=29396.50,,-1,09:30,LON_H;PDH;ASIA_H,LON_H,LON,29246.25,29155.75,09:40,bos+ote,bos@09:40;ote@09:40;ifvg@09:50,,29129.50,29246.25,29187.88,eq@09:40,eq,29187.88,29187.88,09:40,10:00,29187.88,filled,,,ASIA:ASIA_H;LON:LON_H;PD:PDH,,H1_SL;H4_SL,35.60,09:40,0,1,,ASIA_H=29155.50,POC_PREV=28984.50,ASIA_H=29155.50,LON_L=29088.00
2026-07-22,1,29089.75,20,6,ASIA_H=29337.00;LON_H=29173.00;PDH=29364.75;ASIA_L=29060.00;LON_L=28995.00;PDL=28701.00;H1_SH=29116.50;H1_SL=29078.50;H4_SH=29126.50;H4_SL=29075.00;POC_PREV=29334.50;HVN_1=29313.50;HVN_2=29317.50;HVN_3=29336.50;HVN_4=29345.50;HVN_5=29364.50;HVN_6=29366.50,,-1,09:45,LON_H;H4_SH;H1_SH,LON_H,LON,29218.25,28952.00,,,,,,,,,,,,,,,no_confirmation,,,LON:LON_H,,,,,,,,,,,
2026-07-23,1,28719.25,20,6,ASIA_H=29282.50;LON_H=29137.75;PDH=29342.25;ASIA_L=29021.75;LON_L=28854.50;PDL=28952.00;H1_SH=28765.00;H1_SL=28709.75;H4_SH=28800.00;H4_SL=28701.00;POC_PREV=29230.50;HVN_1=29226.50;HVN_2=29233.50;HVN_3=29239.50;HVN_4=29242.50;HVN_5=29259.50;HVN_6=29311.50,,1,09:30,H4_SL;H1_SL;LON_L;PDL;ASIA_L,H4_SL,H4,28657.00,28985.00,09:35,ifvg,ifvg@09:35,1,28657.00,28817.50,28737.25,eq@09:35;ob@09:35,eq,28737.25,28737.25,09:35,09:50,28737.25,filled,,,H1:H1_SL;H4:H4_SL,,,41.14,09:35,0,1,ob,H1_SH=28765.00,HVN_1=29226.50,H1_SH=28765.00,H4_SH=28800.00
2026-07-24,1,28540.25,20,6,ASIA_H=28736.00;LON_H=28706.25;PDH=29282.50;ASIA_L=28465.50;LON_L=28539.25;PDL=28432.50;H1_SH=28634.25;H1_SL=28486.25;H4_SH=28800.00;H4_SL=28432.50;POC_PREV=28720.50;HVN_1=29227.50;HVN_2=29234.50;HVN_3=29236.50;HVN_4=29239.50;HVN_5=29242.50;HVN_6=29259.50,,1,09:30,LON_L,LON_L,LON,28499.50,28698.50,,,,,,,,,,,,,,,no_confirmation,,,LON:LON_L,,,,,,,,,,,
2026-07-27,1,28590.50,20,6,ASIA_H=28733.75;LON_H=28763.25;PDH=28736.00;ASIA_L=28500.00;LON_L=28629.25;PDL=28212.50;H1_SH=28630.75;H1_SL=28577.50;H4_SH=28706.25;H4_SL=28577.50;POC_PREV=28293.50;HVN_1=29159.50;HVN_2=29167.50;HVN_3=29177.50;HVN_4=29226.50;HVN_5=29233.50;HVN_6=29239.50,,1,09:30,ASIA_L;H1_SL;H4_SL;LON_L,ASIA_L,ASIA,28487.00,28700.00,,,,,,,,,,,,,,,no_confirmation,,,ASIA:ASIA_L,,,,,,,,,,,
2026-07-28,1,27949.00,20,6,ASIA_H=28228.00;LON_H=28052.00;PDH=28763.25;ASIA_L=27839.50;LON_L=27848.25;PDL=27939.00;H1_SH=27965.75;H1_SL=27939.00;H4_SH=27965.75;H4_SL=27939.00;POC_PREV=28177.50;HVN_1=29159.50;HVN_2=29167.50;HVN_3=29170.50;HVN_4=29177.50;HVN_5=29226.50;HVN_6=29233.50,,0,,,,,,,,,,,,,,,,,,,,,no_sweep,,09:30,,,,,,,,,,,,
2026-07-29,1,27914.00,20,6,ASIA_H=28178.25;LON_H=28060.00;PDH=28228.00;ASIA_L=27640.00;LON_L=27820.00;PDL=27603.50;H1_SH=27917.00;H1_SL=27900.00;H4_SH=27965.75;H4_SL=27613.00;POC_PREV=27993.50;HVN_1=29159.50;HVN_2=29167.50;HVN_3=29170.50;HVN_4=29177.50;HVN_5=29226.50;HVN_6=29233.50,,-1,09:30,H4_SH;H1_SH,H4_SH,H4,27983.75,27844.25,09:45,ote,ote@09:45;bos@09:50;ifvg@09:50,,27816.00,27983.75,27899.88,eq@09:45,eq,27899.88,27899.88,09:45,,,no_fill,,,H4:H4_SH,H1,H1_SL,56.35,09:45,0,,,,,,
2026-07-30,1,27876.25,20,6,ASIA_H=27696.75;LON_H=27766.25;PDH=28178.25;ASIA_L=27202.00;LON_L=27337.50;PDL=27201.50;H1_SH=27917.00;H1_SL=27839.50;H4_SH=27965.75;H4_SL=27640.00;POC_PREV=27884.50;HVN_1=27997.50;HVN_2=28003.50;HVN_3=28005.50;HVN_4=28017.50;HVN_5=29159.50;HVN_6=29167.50,,1,09:30,H1_SL,H1_SL,H1,27813.25,27876.25,09:35,bos+ote,bos@09:35;ote@09:35,,27813.25,27919.50,27866.38,eq@09:35;breaker@09:35,eq,27866.38,27866.38,09:35,,,no_fill,,,H1:H1_SL,,LON_H;ASIA_H,42.42,09:35,0,,,,,,
2026-07-31,1,28576.00,20,6,ASIA_H=28611.75;LON_H=28640.75;PDH=28414.50;ASIA_L=28300.00;LON_L=28448.00;PDL=27202.00;H1_SH=28611.75;H1_SL=28552.00;H4_SH=28706.25;H4_SL=28541.00;POC_PREV=28170.50;HVN_1=28017.50;HVN_2=28006.50;HVN_3=27997.50;HVN_4=29159.50;HVN_5=29167.50;HVN_6=29170.50,,-1,09:30,H4_SH;LON_H;ASIA_H;H1_SH;PDH,H4_SH,H4,28709.50,28432.25,09:40,bos+ifvg+ote,bos@09:40;ifvg@09:40;ote@09:40,1,28415.75,28709.50,28562.62,eq@09:40,eq,28562.62,28562.62,09:40,,,no_fill,,,H4:H4_SH,H1,H1_SL,56.76,09:40,0,,,,,,
2026-08-03,1,28417.75,20,6,ASIA_H=28698.25;LON_H=28634.50;PDH=28725.75;ASIA_L=28537.50;LON_L=28383.50;PDL=28079.75;H1_SH=28422.00;H1_SL=28408.25;H4_SH=28706.25;H4_SL=28408.25;POC_PREV=28455.50;HVN_1=28468.50;HVN_2=28486.50;HVN_3=28501.50;HVN_4=28503.50;HVN_5=28507.50;HVN_6=28543.50,,1,09:35,LON_L;H1_SL;H4_SL;ASIA_L,LON_L,LON,28374.00,28494.25,09:40,ote,ote@09:40;bos@09:50;ifvg@09:55,,28374.00,28540.00,28457.00,eq@09:40;ob@09:40,eq,28457.00,28457.00,09:40,09:50,28457.00,filled,,09:30,LON:LON_L;H4:H4_SL,H1,H1_SH,52.57,09:40,0,1,ob,ASIA_L=28537.50,HVN_1=28468.50,HVN_1=28468.50,HVN_2=28486.50
2026-08-04,1,29233.75,20,6,ASIA_H=29098.75;LON_H=29245.75;PDH=28964.25;ASIA_L=28831.75;LON_L=29007.50;PDL=28313.50;H1_SH=29250.00;H1_SL=29230.00;H4_SH=29250.00;H4_SL=29230.00;POC_PREV=28919.50;HVN_1=29233.50;HVN_2=29239.50;HVN_3=29226.50;HVN_4=29242.50;HVN_5=29257.50;HVN_6=29177.50,,0,,,,,,,,,,,,,,,,,,,,,no_sweep,,09:30,,,,,,,,,,,,
2026-08-05,1,29975.25,20,6,ASIA_H=29990.00;LON_H=29987.00;PDH=29956.50;ASIA_L=29776.50;LON_L=29797.75;PDL=28831.75;H1_SH=29990.00;H1_SL=29963.25;H4_SH=29993.50;H4_SL=29923.00;POC_PREV=29879.50;HVN_1=29944.50;HVN_2=29935.50;HVN_3=29928.50;HVN_4=29921.50;HVN_5=29913.50;HVN_6=29891.50,,0,,,,,,,,,,,,,,,,,,,,,no_sweep,,09:30;09:35,,,,,,,,,,,,
2026-08-06,1,29334.50,20,6,ASIA_H=29679.50;LON_H=29563.00;PDH=30074.00;ASIA_L=29454.25;LON_L=29364.75;PDL=29530.75;H1_SH=29337.00;H1_SL=29331.50;H4_SH=29342.25;H4_SL=29328.50;POC_PREV=29839.50;HVN_1=29332.50;HVN_2=29324.50;HVN_3=29314.50;HVN_4=29311.50;HVN_5=29307.50;HVN_6=29295.50,,1,09:35,H4_SL;H1_SL;LON_L;ASIA_L;PDL,LON_L,LON,29323.25,29463.50,09:40,ifvg+ote,ifvg@09:40;ote@09:40;bos@09:45,1,29323.25,29474.25,29398.75,eq@09:40;ob@09:40,eq,29398.75,29398.75,09:40,,,no_fill,,09:30,LON:LON_L,H1;H4,H4_SH;H1_SH,46.88,09:40,0,,,,,,
2026-08-07,1,29714.75,20,6,ASIA_H=29618.75;LON_H=29686.00;PDH=29686.25;ASIA_L=29453.50;LON_L=29533.00;PDL=29241.25;H1_SH=29715.50;H1_SL=29702.00;H4_SH=29716.00;H4_SL=29683.00;POC_PREV=29510.50;HVN_1=29714.50;HVN_2=29704.50;HVN_3=29727.50;HVN_4=29694.50;HVN_5=29688.50;HVN_6=29741.50,,0,,,,,,,,,,,,,,,,,,,,,no_sweep,,09:30;09:35,,,,,,,,,,,,
2026-08-10,1,29805.50,20,6,ASIA_H=29962.75;LON_H=29984.00;PDH=29867.75;ASIA_L=29788.50;LON_L=29810.25;PDL=29453.50;H1_SH=29845.25;H1_SL=29804.25;H4_SH=29848.25;H4_SL=29763.00;POC_PREV=29747.50;HVN_1=29803.50;HVN_2=29810.50;HVN_3=29796.50;HVN_4=29818.50;HVN_5=29827.50;HVN_6=29833.50,,1,09:35,H4_SL;ASIA_L;H1_SL;LON_L,H4_SL,H4,29727.75,29883.75,09:45,ifvg,ifvg@09:45;ote@10:05,1,29727.75,29828.00,29777.88,eq@09:45,eq,29777.88,29777.88,09:45,09:50,29777.88,filled,,,H4:H4_SL,,,37.41,09:45,0,1,,ASIA_L=29788.50,HVN_3=29796.50,ASIA_L=29788.50,HVN_3=29796.50
2026-08-11,1,29839.00,20,6,ASIA_H=29861.75;LON_H=29886.75;PDH=29984.00;ASIA_L=29666.00;LON_L=29717.75;PDL=29718.75;H1_SH=29845.25;H1_SL=29826.25;H4_SH=29848.25;H4_SL=29763.00;POC_PREV=29783.50;HVN_1=29841.50;HVN_2=29847.50;HVN_3=29827.50;HVN_4=29855.50;HVN_5=29857.50;HVN_6=29817.50,,1,09:40,LON_L;PDL;H4_SL;H1_SL,LON_L,LON,29700.25,29845.75,09:55,ifvg,ifvg@09:55,1,29700.25,29756.25,29728.25,eq@09:55;breaker@09:55;fvg@10:00,fvg,29696.00,29718.25,10:00,,,no_fill,,,LON:LON_L;PD:PDL,,,39.97,09:55,0,,,,,,
2026-08-12,1,29991.25,20,6,ASIA_H=29737.25;LON_H=29932.25;PDH=29886.75;ASIA_L=29624.50;LON_L=29727.50;PDL=29533.50;H1_SH=29993.50;H1_SL=29963.25;H4_SH=29993.50;H4_SL=29923.00;POC_PREV=29633.50;HVN_1=29871.50;HVN_2=29857.50;HVN_3=29855.50;HVN_4=29839.50;HVN_5=29826.50;HVN_6=29818.50,,-1,09:30,H1_SH;H4_SH;LON_H;PDH;ASIA_H,LON_H,LON,30001.75,29899.75,09:35,bos+ote,bos@09:35;ote@09:35,,29867.25,30001.75,29934.50,eq@09:35;ob@09:35,eq,29934.50,29934.50,09:35,09:50,29961.25,filled,,,LON:LON_H;PD:PDH,H1;H4,H4_SL;H1_SL,38.58,09:35,0,0,ob,LON_H=29932.25,HVN_1=29871.50,LON_H=29932.25,H4_SL=29923.00
2026-08-13,1,29911.00,20,6,ASIA_H=29924.00;LON_H=29895.00;PDH=30001.75;ASIA_L=29780.50;LON_L=29812.25;PDL=29624.50;H1_SH=29921.75;H1_SL=29910.00;H4_SH=29921.75;H4_SL=29877.50;POC_PREV=29908.50;HVN_1=29910.50;HVN_2=29889.50;HVN_3=29871.50;HVN_4=29858.50;HVN_5=29847.50;HVN_6=29840.50,,0,,,,,,,,,,,,,,,,,,,,,no_sweep,,09:30,,,,,,,,,,,,
2026-08-14,1,30241.50,20,6,ASIA_H=30232.00;LON_H=30280.25;PDH=30272.75;ASIA_L=30124.25;LON_L=30171.50;PDL=29780.50;H1_SH=30259.00;H1_SL=30216.50;H4_SH=30263.75;H4_SL=30052.25;POC_PREV=30216.50;HVN_1=29910.50;HVN_2=29871.50;HVN_3=29859.50;HVN_4=29847.50;HVN_5=29840.50;HVN_6=29819.50,,-1,09:30,H4_SH;H1_SH;ASIA_H,H4_SH,H4,30269.50,30254.00,09:35,bos+ote,bos@09:35;ote@09:35,,30169.75,30269.50,30219.62,eq@09:35;ob@09:35;breaker@09:35,eq,30219.62,30219.62,09:35,09:50,30239.00,filled,,,ASIA:ASIA_H;H4:H4_SH,H1,H1_SL,22.28,09:35,0,0,ob+breaker,ASIA_H=30232.00,POC_PREV=30216.50,ASIA_H=30232.00,H1_SL=30216.50
2026-08-17,1,30218.75,20,6,ASIA_H=30327.00;LON_H=30343.00;PDH=30283.00;ASIA_L=30163.75;LON_L=30220.75;PDL=30028.50;H1_SH=30219.00;H1_SL=30216.50;H4_SH=30263.75;H4_SL=30052.25;POC_PREV=30081.50;HVN_1=30215.50;HVN_2=29910.50;HVN_3=29871.50;HVN_4=29859.50;HVN_5=29847.50;HVN_6=29840.50,,-1,09:30,H4_SH;H1_SH,H4_SH,H4,30266.00,30180.00,09:35,bos+ote,bos@09:35;ote@09:35,,30165.50,30266.00,30215.75,eq@09:35,eq,30215.75,30215.75,09:35,09:50,30226.75,filled,,,H4:H4_SH,H1,H1_SL;LON_L,26.95,09:35,0,0,,LON_L=30220.75,HVN_1=30215.50,LON_L=30220.75,H1_SH=30219.00
2026-08-18,1,29690.75,20,6,ASIA_H=30121.25;LON_H=29896.50;PDH=30343.00;ASIA_L=29786.00;LON_L=29687.25;PDL=30054.50;H1_SH=29693.00;H1_SL=29687.25;H4_SH=29693.00;H4_SL=29683.00;POC_PREV=30212.50;HVN_1=29714.50;HVN_2=29633.50;HVN_3=29754.50;HVN_4=29762.50;HVN_5=29773.50;HVN_6=29788.50,,1,09:35,H4_SL;LON_L;H1_SL;ASIA_L;PDL,LON_L,LON,29673.25,29726.50,,,,,,,,,,,,,,,no_confirmation,,09:30,LON:LON_L,H1;H4,H1_SH;H4_SH,,,,,,,,,
2026-08-19,1,29696.00,20,6,ASIA_H=29609.50;LON_H=29640.75;PDH=30121.25;ASIA_L=29430.50;LON_L=29506.75;PDL=29514.00;H1_SH=29715.50;H1_SL=29687.25;H4_SH=29716.00;H4_SL=29683.00;POC_PREV=29599.50;HVN_1=29679.50;HVN_2=29714.50;HVN_3=29669.50;HVN_4=29658.50;HVN_5=29754.50;HVN_6=29634.50,,-1,09:35,LON_H;ASIA_H,LON_H,LON,29688.25,29679.75,09:40,bos+ote,bos@09:40;ote@09:40;ifvg@09:45,,29560.50,29688.25,29624.38,eq@09:40;ob@09:40;breaker@09:40,eq,29624.38,29624.38,09:40,,,no_fill,,09:30,ASIA:ASIA_H;LON:LON_H,,H4_SL;H1_SL,44.57,09:40,0,,,,,,
2026-08-20,1,29350.75,20,6,ASIA_H=29689.75;LON_H=29672.75;PDH=29757.25;ASIA_L=29556.50;LON_L=29262.50;PDL=29375.75;H1_SH=29356.25;H1_SL=29331.50;H4_SH=29364.75;H4_SL=29328.50;POC_PREV=29539.50;HVN_1=29522.50;HVN_2=29529.50;HVN_3=29540.50;HVN_4=29544.50;HVN_5=29546.50;HVN_6=29570.50,,1,09:30,PDL;ASIA_L,PDL,PD,29338.75,29373.25,09:35,bos+ifvg+ote,bos@09:35;ifvg@09:35;ote@09:35,1,29338.75,29470.25,29404.50,eq@09:35;ob@09:35;breaker@09:35,eq,29404.50,29404.50,09:35,09:50,29383.75,filled,,,PD:PDL,,H4_SH;H1_SH,38.87,09:35,0,0,ob+breaker,ASIA_L=29556.50,HVN_1=29522.50,HVN_1=29522.50,HVN_2=29529.50
2026-08-21,1,29469.25,20,6,ASIA_H=29401.50;LON_H=29539.00;PDH=29689.75;ASIA_L=29274.25;LON_L=29380.50;PDL=29202.75;H1_SH=29480.00;H1_SL=29464.75;H4_SH=29480.00;H4_SL=29453.50;POC_PREV=29305.50;HVN_1=29522.50;HVN_2=29529.50;HVN_3=29540.50;HVN_4=29544.50;HVN_5=29570.50;HVN_6=29583.50,,-1,09:30,ASIA_H,ASIA_H,ASIA,29476.00,29477.75,09:35,bos+ifvg+ote,bos@09:35;ifvg@09:35;ote@09:35,1,29319.00,29476.00,29397.50,eq@09:35;ob@09:35,eq,29397.50,29397.50,09:35,,,no_fill,,,ASIA:ASIA_H,,LON_L;H4_SL;H1_SL,30.90,09:35,0,,,,,,
2026-08-24,1,29235.00,20,6,ASIA_H=29480.50;LON_H=29283.00;PDH=29539.00;ASIA_L=29120.50;LON_L=29116.75;PDL=29220.00;H1_SH=29250.00;H1_SL=29230.00;H4_SH=29250.00;H4_SL=29230.00;POC_PREV=29400.50;HVN_1=29357.50;HVN_2=29386.50;HVN_3=29397.50;HVN_4=29522.50;HVN_5=29529.50;HVN_6=29538.50,,0,,,,,,,,,,,,,,,,,,,,,no_sweep,,,,,,,,,,,,,,
2026-08-25,1,29296.25,20,6,ASIA_H=29288.50;LON_H=29425.75;PDH=29480.50;ASIA_L=29017.00;LON_L=29212.25;PDL=28946.75;H1_SH=29337.00;H1_SL=29295.75;H4_SH=29342.25;H4_SL=29295.75;POC_PREV=29179.50;HVN_1=29305.50;HVN_2=29317.50;HVN_3=29345.50;HVN_4=29357.50;HVN_5=29364.50;HVN_6=29395.50,,-1,09:35,H4_SH;H1_SH;ASIA_H,H4_SH,H4,29376.00,29311.50,09:55,ote,ote@09:55;bos@10:00;ifvg@10:00,,29289.25,29376.00,29332.62,eq@09:55,eq,29332.62,29332.62,09:55,,,no_fill,,09:30,H1:H1_SH;H4:H4_SH,,,39.18,09:55,0,,,,,,
2026-08-26,1,29173.75,20,6,ASIA_H=29309.75;LON_H=29278.75;PDH=29425.75;ASIA_L=29096.00;LON_L=29185.00;PDL=29017.00;H1_SH=29183.25;H1_SL=29160.50;H4_SH=29192.50;H4_SL=29160.50;POC_PREV=29226.50;HVN_1=29224.50;HVN_2=29245.50;HVN_3=29267.50;HVN_4=29279.50;HVN_5=29291.50;HVN_6=29298.50,,-1,09:40,ASIA_H;LON_H;H4_SH;H1_SH,ASIA_H,ASIA,29313.25,29133.50,,,,,,,,,,,,,,,no_confirmation,,09:30,ASIA:ASIA_H,,,,,,,,,,,
2026-08-27,1,29524.50,20,6,ASIA_H=29654.75;LON_H=29662.00;PDH=29437.75;ASIA_L=29401.75;LON_L=29477.25;PDL=29096.00;H1_SH=29532.00;H1_SL=29522.00;H4_SH=29539.00;H4_SL=29453.50;POC_PREV=29238.50;HVN_1=29522.50;HVN_2=29529.50;HVN_3=29538.50;HVN_4=29540.50;HVN_5=29544.50;HVN_6=29570.50,,1,09:35,H4_SL;LON_L;H1_SL,H4_SL,H4,29443.00,29570.25,09:40,bos+ifvg+ote,bos@09:40;ifvg@09:40;ote@09:40,1,29443.00,29586.00,29514.50,eq@09:40,eq,29514.50,29514.50,09:40,09:50,29477.00,filled,,09:30,LON:LON_L;H4:H4_SL,,PDH,37.19,09:40,0,0,,LON_L=29477.25,HVN_1=29522.50,LON_L=29477.25,H1_SL=29522.00
2026-08-28,1,29628.00,20,6,ASIA_H=29707.00;LON_H=29663.00;PDH=29708.00;ASIA_L=29592.00;LON_L=29578.25;PDL=29401.75;H1_SH=29640.75;H1_SL=29624.50;H4_SH=29686.25;H4_SL=29577.25;POC_PREV=29579.50;HVN_1=29633.50;HVN_2=29621.50;HVN_3=29647.50;HVN_4=29604.50;HVN_5=29601.50;HVN_6=29657.50,,1,09:30,H4_SL;LON_L;ASIA_L;H1_SL,H4_SL,H4,29562.75,29681.75,09:35,ifvg,ifvg@09:35;bos@09:40;ote@09:40,1,29562.75,29659.75,29611.25,eq@09:35,eq,29611.25,29611.25,09:35,10:00,29611.25,filled,,,ASIA:ASIA_L;LON:LON_L;H4:H4_SL,,,25.07,09:35,0,1,,H1_SL=29624.50,HVN_2=29621.50,HVN_2=29621.50,H1_SL=29624.50
2026-08-31,1,29438.50,20,6,ASIA_H=29546.25;LON_H=29535.00;PDH=29811.50;ASIA_L=29273.50;LON_L=29397.00;PDL=29436.25;H1_SH=29439.75;H1_SL=29436.25;H4_SH=29480.00;H4_SL=29436.00;POC_PREV=29488.50;HVN_1=29490.50;HVN_2=29501.50;HVN_3=29512.50;HVN_4=29356.50;HVN_5=29521.50;HVN_6=29530.50,,1,09:30,H4_SL;PDL;H1_SL,PDL,PD,29417.50,29442.25,09:45,ote,ote@09:45;bos@09:50,,29417.50,29516.75,29467.12,eq@09:45;ob@09:45;breaker@09:45,eq,29467.12,29467.12,09:45,09:50,29439.25,filled,,,PD:PDL,H1;H4,H4_SH;H1_SH,36.03,09:45,0,0,ob+breaker,H1_SH=29439.75,POC_PREV=29488.50,H1_SH=29439.75,H4_SH=29480.00
2026-09-01,1,29112.00,20,6,ASIA_H=29571.25;LON_H=29556.75;PDH=29546.25;ASIA_L=29434.75;LON_L=29137.50;PDL=29273.50;H1_SH=29116.50;H1_SL=29096.00;H4_SH=29126.50;H4_SL=29096.00;POC_PREV=29422.50;HVN_1=29223.50;HVN_2=29242.50;HVN_3=29267.50;HVN_4=29282.50;HVN_5=29290.50;HVN_6=29297.50,,1,09:30,H1_SL;H4_SL;LON_L;PDL;ASIA_L,H4_SL,H4,29062.75,29238.00,09:45,ifvg,ifvg@09:45,1,29062.75,29144.25,29103.50,eq@09:45,eq,29103.50,29103.50,09:45,09:55,29103.50,filled,,,H4:H4_SL,H1,H1_SH,32.68,09:45,0,1,,H1_SH=29116.50,HVN_1=29223.50,H1_SH=29116.50,H4_SH=29126.50
2026-09-02,1,29098.50,20,6,ASIA_H=29170.00;LON_H=29149.50;PDH=29571.25;ASIA_L=29016.50;LON_L=28927.25;PDL=29002.00;H1_SH=29116.50;H1_SL=29096.00;H4_SH=29126.50;H4_SL=29096.00;POC_PREV=29120.50;HVN_1=29224.50;HVN_2=29242.50;HVN_3=29256.50;HVN_4=29267.50;HVN_5=29280.50;HVN_6=29282.50,,0,,,,,,,,,,,,,,,,,,,,,no_sweep,,09:40,,,,,,,,,,,,
2026-09-03,1,29249.00,20,6,ASIA_H=29255.00;LON_H=29292.75;PDH=29213.00;ASIA_L=29075.00;LON_L=29101.00;PDL=28927.25;H1_SH=29250.00;H1_SL=29246.75;H4_SH=29250.00;H4_SL=29241.25;POC_PREV=29161.50;HVN_1=29242.50;HVN_2=29256.50;HVN_3=29267.50;HVN_4=29224.50;HVN_5=29280.50;HVN_6=29282.50,,-1,09:30,ASIA_H;H1_SH;H4_SH;PDH,ASIA_H,ASIA,29285.00,29200.50,10:00,ifvg,ifvg@10:00,1,29199.50,29285.00,29242.25,eq@10:00;fvg@10:05,fvg,29283.25,29296.75,10:05,,,no_fill,,,ASIA:ASIA_H,H1;H4,H4_SL;H1_SL,46.26,10:00,0,,,,,,
2026-09-04,1,29589.00,20,6,ASIA_H=29643.75;LON_H=29704.50;PDH=29584.25;ASIA_L=29482.00;LON_L=29575.25;PDL=29075.00;H1_SH=29603.50;H1_SL=29587.75;H4_SH=29686.25;H4_SL=29577.25;POC_PREV=29527.50;HVN_1=29583.50;HVN_2=29597.50;HVN_3=29573.50;HVN_4=29606.50;HVN_5=29620.50;HVN_6=29624.50,,1,09:30,LON_L;H4_SL;H1_SL,LON_L,LON,29554.50,29694.00,09:55,ifvg+ote,ifvg@09:55;ote@09:55,1,29554.50,29691.75,29623.12,eq@09:55;ob@09:55,eq,29623.12,29623.12,09:55,,,no_fill,,,LON:LON_L;H4:H4_SL,H1,H1_SH;PDH,37.52,09:55,0,,,,,,
2026-09-07,1,29614.75,20,6,ASIA_H=29682.25;LON_H=29683.50;PDH=29704.50;ASIA_L=29530.50;LON_L=29535.00;PDL=29468.00;H1_SH=29618.75;H1_SL=29614.50;H4_SH=29686.25;H4_SL=29577.25;POC_PREV=29511.50;HVN_1=29620.50;HVN_2=29606.50;HVN_3=29624.50;HVN_4=29598.50;HVN_5=29633.50;HVN_6=29584.50,,0,,,,,,,,,,,,,,,,,,,,,no_sweep,,09:30;09:35;09:40,,,,,,,,,,,,
2026-09-08,1,29644.75,20,6,ASIA_H=29764.75;LON_H=29649.00;PDH=29683.50;ASIA_L=29525.00;LON_L=29477.75;PDL=29530.50;H1_SH=29645.25;H1_SL=29633.75;H4_SH=29683.50;H4_SL=29577.25;POC_PREV=29582.50;HVN_1=29647.50;HVN_2=29650.50;HVN_3=29632.50;HVN_4=29606.50;HVN_5=29597.50;HVN_6=29583.50,,-1,09:30,PDH;H4_SH;LON_H;H1_SH,PDH,PD,29686.50,29604.25,09:35,bos+ifvg+ote,bos@09:35;ifvg@09:35;ote@09:35,1,29560.50,29686.50,29623.50,eq@09:35;ob@09:35,eq,29623.50,29623.50,09:35,,,no_fill,,,LON:LON_H;PD:PDH,H1;H4,H4_SL;H1_SL,29.51,09:35,0,,,,,,
2026-09-09,1,29455.00,20,6,ASIA_H=29633.75;LON_H=29614.00;PDH=29764.75;ASIA_L=29489.75;LON_L=29333.00;PDL=29424.75;H1_SH=29455.75;H1_SL=29454.25;H4_SH=29480.00;H4_SL=29453.50;POC_PREV=29608.50;HVN_1=29490.50;HVN_2=29401.50;HVN_3=29398.50;HVN_4=29513.50;HVN_5=29521.50;HVN_6=29525.50,,1,09:30,PDL;H4_SL;H1_SL;ASIA_L,PDL,PD,29418.25,29452.00,09:35,bos+ote,bos@09:35;ote@09:35;ifvg@09:45,,29418.25,29499.25,29458.75,eq@09:35;ob@09:35;breaker@09:35,eq,29458.75,29458.75,09:35,,,no_fill,,,PD:PDL,H1;H4,H4_SH;H1_SH,27.41,09:35,0,,,,,,
2026-09-10,1,29089.00,20,6,ASIA_H=29508.25;LON_H=29478.25;PDH=29633.75;ASIA_L=29364.00;LON_L=29211.00;PDL=29333.00;H1_SH=29116.50;H1_SL=29078.50;H4_SH=29126.50;H4_SL=29075.00;POC_PREV=29450.50;HVN_1=29159.50;HVN_2=29224.50;HVN_3=29280.50;HVN_4=29282.50;HVN_5=29290.50;HVN_6=29298.50,,1,09:30,H4_SL;H1_SL;LON_L;PDL;ASIA_L,H4_SL,H4,29057.50,29251.75,10:00,ifvg,ifvg@10:00,1,29057.50,29203.25,29130.38,eq@10:00;ob@10:00,eq,29130.38,29130.38,10:00,10:05,29130.38,filled,,,H4:H4_SL,H1,H1_SH,49.23,10:00,0,1,ob,LON_L=29211.00,HVN_1=29159.50,HVN_1=29159.50,LON_L=29211.00
2026-09-11,1,29418.00,20,6,ASIA_H=29261.50;LON_H=29399.00;PDH=29508.25;ASIA_L=29040.50;LON_L=29224.50;PDL=29043.25;H1_SH=29419.75;H1_SL=29401.75;H4_SH=29419.75;H4_SL=29401.75;POC_PREV=29156.50;HVN_1=29424.50;HVN_2=29432.50;HVN_3=29398.50;HVN_4=29442.50;HVN_5=29445.50;HVN_6=29449.50,,0,,,,,,,,,,,,,,,,,,,,,no_sweep,,09:30;09:35;09:40;09:45,,,,,,,,,,,,
